0,"[0.5964432870829749, 0.5213448785107214, 0.8818040632176292, 0.8692420001715971]",1.0,0.9520490890401123,2.1453584212948176
1,"[0.23427067250493638, 0.043309907461539864, 0.4104117643356408, 0.19891964306025253]",0.0,0.9935312771426116,2.7509051981266817
2,"[0.5147199814442152, 0.4044950203555277, 0.7782014455481459, 0.7302321544433967]",3.0,0.8866052474907309,2.6425477194009317
3,"[0.03251723966253861, 0.20171668424475692, 0.29499218324981014, 0.3427725811442046]",6.0,0.9574569972741378,1.5669513652823501
4,"[0.4787520189411665, 0.1825781869720537, 0.6385596249650848, 0.3891802963470129]",7.0,0.712823603649312,1.4328257388424184
5,"[0.4327395587250264, 0.14181996915862138, 0.5734771628453788, 0.5092542160026099]",6.0,0.9424047085818548,1.4239436656700897
6,"[0.41461909625553156, 0.4170400139314704, 0.5950345285341408, 0.7206903202010241]",6.0,0.9378078876928344,4.441236948724508
7,"[0.24898074025952796, 0.23865414687805775, 0.4540190106146005, 0.5807461801560203]",3.0,0.9059626685505541,3.947332737884346
8,"[0.536324300248723, 0.5795220394543892, 0.7121786301179435, 0.9017316906208752]",0.0,0.8381725305990715,2.8096849592767787
9,"[0.29532556266054677, 0.20246336255449066, 0.5746281076518001, 0.5820779864276178]",3.0,0.9368751761295183,4.3443423000175825
10,"[0.26219502647427556, 0.4902465271533632, 0.6556027335340218, 0.8159028790824223]",2.0,0.8226508660251783,3.991672880622388
11,"[0.5574128496719409, 0.5033709010894232, 0.9050187390849462, 0.6307667188216058]",1.0,0.8925889554982562,4.709800532316445
12,"[0.5401736029175682, 0.2749284842578735, 0.6517739540212429, 0.3877304984672231]",6.0,0.7787880087861969,4.171011413025786
13,"[0.3625230717593236, 0.15593933953383018, 0.634055670678365, 0.31797231759148803]",2.0,0.9462335288118143,3.267551122198956
14,"[0.2274230214528843, 0.0636730055875054, 0.5844688485515156, 0.4246666438708773]",2.0,0.9479440349008901,4.393292203816079
15,"[0.156881347477705, 0.13586318683045448, 0.5518843177389344, 0.4856371628713879]",0.0,0.9814196477600685,1.4403544809595514
16,"[0.5878540580004763, 0.3558704490318143, 0.7963636128256395, 0.5412838212653206]",6.0,0.712648308955939,2.4437826891852468
17,"[0.5241005780932096, 0.08318414310740818, 0.6342588300075455, 0.19919785097507955]",2.0,0.8582671691862458,2.369376556430864
18,"[0.008694058984925479, 0.27940407273453977, 0.283771131260643, 0.6095716057543841]",6.0,0.9750251848465976,4.395215806733433
13,"[0.194313767765547, 0.4888679855409781, 0.32881824683307176, 0.7954302040899132]",2.0,0.9525210220178828,3.291021506233026
14,"[0.4435928952335844, 0.44247949480769855, 0.8320864977299489, 0.7451930743704278]",3.0,0.7502874010402304,1.8182809800958668
15,"[0.29017424036227574, 0.10018770051636279, 0.6624160956475222, 0.2519288514088103]",6.0,0.8551186369647276,4.9730810359221
16,"[0.18603060563383184, 0.15240781069724552, 0.43420240273436717, 0.43951807201450765]",2.0,0.9981894462209389,4.221987403098351
17,"[0.03058678452019707, 0.10949295934253529, 0.4138800253773786, 0.41681482631318906]",6.0,0.972737754062083,4.5108377045361845
18,"[0.4617044405859148, 0.22568055146724053, 0.5991553306702445, 0.4712393158440753]",7.0,0.8764865125911936,3.9794422759947814
19,"[0.2967392017586099, 0.15504066339150405, 0.43828128493016627, 0.363455397932514]",2.0,0.7860737732714319,4.280908809109699
20,"[0.5793036315376766, 0.13055157453208066, 0.8153045422158632, 0.4686734268342879]",1.0,0.8480946085790037,3.469789032862661
21,"[0.46772131878774803, 0.10661733623588995, 0.8213425009495188, 0.3743756342273562]",7.0,0.9002848949135561,1.9500612688098249
22,"[0.008064672846876219, 0.17222848044234065, 0.1096239991946125, 0.518553589620019]",3.0,0.9339205773316414,1.6910552569420751
23,"[0.47347969266540335, 0.49637018117149073, 0.6224082062052306, 0.888167779832036]",7.0,0.9452660984672752,1.0036223478968518
24,"[0.023794544649904714, 0.5999674752738348, 0.41327464038208583, 0.999856663988763]",1.0,0.7344789968636468,1.2892611593090053
14,"[0.3777164927076391, 0.04964041576598004, 0.5136544558898398, 0.299304178444111]",2.0,0.763973259677079,4.145171767829281
15,"[0.40328115062673225, 0.35070930409260576, 0.5081628706870154, 0.6464637227658901]",3.0,0.9230039448120197,3.1132142831319265
16,"[0.20837037372497472, 0.23321002625643938, 0.5463742977488426, 0.39679849336584694]",2.0,0.8054373809459984,1.7966192708036732
17,"[0.16446985012389395, 0.16524856225736523, 0.4290597106307499, 0.3101592000849461]",6.0,0.84062076944248,1.100102454601922
18,"[0.22922149716260676, 0.0932267109532507, 0.4806035376453508, 0.2714216631936763]",3.0,0.8106428021555219,4.824084455367261
19,"[0.5416015688850628, 0.4937438015270144, 0.8427546299689785, 0.8676453757592999]",6.0,0.7373239809831098,3.8534673634494427
20,"[0.30618349636695935, 0.31255673902954706, 0.4744049969706791, 0.46032676894026064]",7.0,0.874528670687997,4.713754801353616
21,"[0.4451590425262575, 0.374328976871166, 0.735479049408511, 0.6342583379485818]",7.0,0.982534053957175,3.202083401229813
22,"[0.4087705710278835, 0.43525561581957417, 0.6264187235492608, 0.6181227749568442]",0.0,0.8999833400908566,1.4837835844095828
23,"[0.04942018383181226, 0.03679525198220774, 0.1738705230802184, 0.43269597499273355]",3.0,0.8788274786930654,2.577126664589372
24,"[0.30880664787195433, 0.4610160960485373, 0.6419355629374648, 0.8585903973866092]",6.0,0.9121914098533827,1.7943557072242358
25,"[0.5447620764015105, 0.2956064104771278, 0.7828717209688715, 0.4587779006842119]",6.0,0.9545175671893196,4.407081236189886
26,"[0.36267081153709246, 0.04677188246638662, 0.49409486310262285, 0.4034125980871476]",6.0,0.7171184199043552,2.3301505474069866
27,"[0.2706183289496959, 0.5513251697020709, 0.6540564123933295, 0.8494729880185269]",1.0,0.8840348632643048,2.130093578643552
28,"[0.587298300637178, 0.5883065576014921, 0.9212905182979938, 0.8204537172768522]",7.0,0.8899961353442295,1.0736749970928137
29,"[0.47236517265958533, 0.2814532829813009, 0.7933283609907985, 0.5902948728199059]",0.0,0.9876967142207496,2.2642247460021885
30,"[0.41147041625733344, 0.3293577959868043, 0.5825055990344621, 0.647333853661493]",2.0,0.7314557306127383,2.40310406600453
31,"[0.43100981957687684, 0.2693191829079148, 0.7926916434880462, 0.5577888514936739]",7.0,0.7735480013077504,4.579623331411286
32,"[0.5868438803710546, 0.5921845089892385, 0.8532194189795093, 0.9197660930291198]",1.0,0.8054776240965819,2.259826701036243
33,"[0.5575278627097675, 0.44601185332588816, 0.8385867820190489, 0.690070034412321]",0.0,0.9690098540216263,1.4746582644156496
34,"[0.4227566950436277, 0.5861579361453243, 0.657121706258268, 0.717425027223307]",0.0,0.8928359457521662,3.8747879528844216
35,"[0.38876841909356213, 0.12593618386931427, 0.5351252447459115, 0.45466406519563696]",1.0,0.9906642299843822,1.8012408616116735
36,"[0.36728923515930517, 0.28136973282951266, 0.5556718135454242, 0.42060159075885906]",7.0,0.9771888012683408,4.9524314663466695
37,"[0.3832513244684424, 0.3717492605076287, 0.7069166031294198, 0.7626145819636686]",6.0,0.7402676988666983,2.0159156353612255
38,"[0.5103892904080791, 0.5144927537928464, 0.9029806120427816, 0.8810170511951605]",7.0,0.863734064031712,4.763698415998242
39,"[0.30983937032091363, 0.1146757345677764, 0.573520299223776, 0.462541068417356]",0.0,0.8621049542608232,4.267953439517079
40,"[0.10035833759970891, 0.03689812400009524, 0.45298560644398644, 0.2425352272441438]",3.0,0.7594596029929108,2.7876075103695057
41,"[0.013320487628750976, 0.5988747795132731, 0.27834430196626364, 0.9024908359868827]",7.0,0.7412753730558074,2.171042813129113
42,"[0.03933798892656954, 0.28184811260401005, 0.1756039388747134, 0.40381769140292667]",3.0,0.7371263311424175,4.668667885338117
43,"[0.05032172928702456, 0.2911291537467127, 0.3210295394816917, 0.5656284940865095]",0.0,0.9020979607519333,3.641422033355663
44,"[0.1635453533708306, 0.10567251973630089, 0.4625550907902465, 0.49432327434465406]",2.0,0.9064407961334937,4.043553718970014
45,"[0.35569569402709916, 0.5298493496447684, 0.5956080951342018, 0.7119850575326743]",6.0,0.982278073852311,2.6216519495851913
22,"[0.580498795218773, 0.2554587250969758, 0.6997412505902622, 0.6132373129890429]",0.0,0.7270179147728221,3.952269500128454
23,"[0.5713503873525295, 0.021627322618222332, 0.7643857768369731, 0.29527794897243226]",6.0,0.8492019115052428,3.7332892229648174
24,"[0.3919176859621051, 0.034146424633036805, 0.5526601773541483, 0.40271446315050935]",6.0,0.8004647403384495,4.653474450083734
25,"[0.5523651836547523, 0.33411696065453267, 0.6839114820901797, 0.5339201230035123]",2.0,0.735192360896185,4.584677306248524
26,"[0.5956548591486868, 0.4775833491999072, 0.8603254599754003, 0.845329357955674]",0.0,0.7347977435539828,4.966299935184093
27,"[0.5116197150993257, 0.005910948859007314, 0.7899793772874643, 0.2594836281096126]",3.0,0.8704682447375907,2.5713787391582716
28,"[0.19503930240768272, 0.06023116960616681, 0.540426864778613, 0.3402830251726151]",7.0,0.9696634119461767,4.625149338815752
29,"[0.1662378637957849, 0.0776706798496939, 0.42474598919376605, 0.31277315171454667]",2.0,0.7402739546039155,4.488612697500933
30,"[0.19032329169189288, 0.4319654868989428, 0.5100107933913915, 0.6152374731623411]",7.0,0.7613091343668604,1.0290897291867647
31,"[0.2215643660681159, 0.13595726891374146, 0.5125899728720112, 0.3145923393925981]",2.0,0.9466333671370399,3.677999550631169
32,"[0.24219590074542457, 0.12250262868767296, 0.6126069645570018, 0.4649153267123089]",7.0,0.8446859984161217,4.79535206116327
33,"[0.08682161332709734, 0.5393664661150316, 0.4427510161477708, 0.7428325016061043]",3.0,0.931845764148091,2.351645952106638
34,"[0.19885735632529639, 0.08356097700308722, 0.5234465108937503, 0.30409551290930786]",6.0,0.7682209874882054,4.473068001161997
35,"[0.24827618921332806, 0.4746820064943239, 0.5586601924855744, 0.8161912637913175]",0.0,0.9096636206326021,1.5278011063642443
36,"[0.08038746002718367, 0.4154110331554415, 0.4177716687145183, 0.8052728883269629]",0.0,0.7326453163091755,4.605872692986243
37,"[0.4696818968508325, 0.3549720389730467, 0.7675510097035814, 0.6222180496612315]",0.0,0.850700203969714,2.207508889255079
38,"[0.3038133717397217, 0.04516383089703815, 0.6504504157642155, 0.342914906020217]",1.0,0.8797944899651859,1.008253090786911
39,"[0.5740008157455845, 0.35231964746467165, 0.8848118207531552, 0.4554743191496794]",3.0,0.9498040322745875,2.0836495319255333
40,"[0.5101287351217442, 0.1965441894025325, 0.8641481233860457, 0.3348904634958807]",7.0,0.9033724226330101,2.5939536545026223
41,"[0.3571807187665465, 0.04763516288933873, 0.7369761379608548, 0.19747040786510034]",3.0,0.794886326763625,4.061251783696274
5,"[0.4856021521770562, 0.30735681603027426, 0.6654684568503153, 0.6444705400808932]",0.0,0.8299198712317009,2.509022492818337
6,"[0.0353451014389547, 0.4371024064260804, 0.3059459276304525, 0.6968249430895288]",0.0,0.7839265256311556,3.536675309492705
7,"[0.46599803209442625, 0.44426940046324104, 0.6167381374286576, 0.7185878089234685]",0.0,0.7292063504935568,3.1802201245886588
8,"[0.4827868076190989, 0.5057572575128518, 0.726883353834013, 0.8991443492969796]",3.0,0.9942303988008461,3.6209343307025623
9,"[0.5886526132444923, 0.2671675730897676, 0.7660896375466898, 0.4304293681678308]",0.0,0.7384490756228411,2.483295450937234
10,"[0.2881906080984331, 0.5224614126342954, 0.636308453447759, 0.8772038616674936]",7.0,0.8272016436868297,3.4068503304506206
11,"[0.16203989146142414, 0.176274859835817, 0.5207114479599516, 0.49659483811658267]",3.0,0.9225552681737154,4.612699847830944
12,"[0.2048649917228114, 0.4698617970870238, 0.32979385937687156, 0.6034594600073584]",0.0,0.7178155193618917,1.4797505215422664
13,"[0.27914784908658646, 0.5712888159561531, 0.5784483801091861, 0.9036038108887846]",7.0,0.9630182947464834,4.675999523997915
14,"[0.35686885624178677, 0.36694019156912866, 0.49018894226936044, 0.6810530282465501]",3.0,0.7388828224820932,4.057609483763363
15,"[0.04815927447895838, 0.08441376953876582, 0.4460172489436972, 0.2998231474567533]",1.0,0.9325946979615344,3.22947567508355
16,"[0.1838209448768295, 0.12919509844240168, 0.4426564259044258, 0.4136761895917028]",0.0,0.8960683204569444,3.4556129499734847
17,"[0.1442571440972606, 0.32508865593837694, 0.3549597572487858, 0.5774009692831785]",3.0,0.8338634408964185,2.0458617443776737
18,"[0.20430972944097223, 0.13929366863554551, 0.6008999171923531, 0.27510151266705807]",2.0,0.7019109063486366,4.9475175532910605
19,"[0.5427154338331177, 0.1896430700577747, 0.8498431652278353, 0.3867812519973811]",6.0,0.9786363206186208,2.7321108756332544
20,"[0.015401910806025841, 0.16232761243443244, 0.20499739817370496, 0.4772794931545209]",2.0,0.714065267712241,4.954683606182849
21,"[0.11460877999102612, 0.487508798046843, 0.2846082604999449, 0.6843197648737963]",2.0,0.7362847190052884,4.096273025744878
22,"[0.37710348723354803, 0.06373568187469578, 0.5278552852247075, 0.328481805534117]",3.0,0.8971868174560728,4.129046659368605
23,"[0.3687798278092857, 0.35482550490777964, 0.49526946971064534, 0.7367727830838234]",0.0,0.7872149565137837,1.023855836681926
24,"[0.3739573722937672, 0.24147161575377135, 0.5003460772497617, 0.351657244876985]",0.0,0.8255048370134715,2.794991324472567
25,"[0.15689775490734545, 0.48048725162206507, 0.3943945099708521, 0.6820715763244225]",2.0,0.816673086030105,4.550895045056178
3,"[0.1992149233696773, 0.17795527136954892, 0.5113029157239837, 0.36235171008602185]",7.0,0.7220527525314858,4.062555929873431
4,"[0.06607338757695773, 0.10714742961441294, 0.43263184660081927, 0.3959692014035414]",7.0,0.8204093197386803,2.12578962215069
5,"[0.2037187842786086, 0.5715213794875224, 0.382399101593318, 0.7083737384039839]",1.0,0.7479914240663471,3.226159920857059
6,"[0.4588484615417125, 0.1916262174540578, 0.5928603893901883, 0.3527751099654759]",7.0,0.909964696987386,4.731872338576788
7,"[0.32567983248624044, 0.4040643786194443, 0.46827028301025214, 0.7146007475209197]",0.0,0.8863265603774002,2.522380577152682
8,"[0.25551034879481466, 0.011993181654796703, 0.5437797765610222, 0.14426776274902695]",3.0,0.9410882952183253,2.8125944698800143
9,"[0.40854248599536963, 0.38388399562793074, 0.6923878236536267, 0.5855292977852764]",2.0,0.8067501025583701,1.5419873957084316
10,"[0.4447549185227188, 0.12599811790564108, 0.7868515186958667, 0.2920330997492313]",0.0,0.8610559636464837,3.542838096956488
11,"[0.3160284801620799, 0.21234597839078695, 0.5360904119837111, 0.3186792559854077]",3.0,0.7947852493140201,1.7323877958125142
12,"[0.45989049026909057, 0.47244806516659593, 0.7425880381343528, 0.7740457193956198]",2.0,0.9601549704368035,4.392816627307393
13,"[0.35055065027601456, 0.18709017903798614, 0.5994919163171816, 0.3116003005598835]",0.0,0.7845890590954918,3.352866598648621
14,"[0.2691663978062579, 0.1955796086363676, 0.6311327776225566, 0.5843992840122404]",7.0,0.9873349037232588,3.27820902186018
15,"[0.558140175475794, 0.23945674214761586, 0.7481835178906207, 0.6203421179131152]",0.0,0.9895673156501535,1.2490744873624746
16,"[0.31130255960384356, 0.3836301394425499, 0.6502732781402345, 0.741604173318438]",1.0,0.9572914446063305,2.0542957899884544
17,"[0.5914655439256934, 0.5592203511370314, 0.7515449714846384, 0.7958775415523011]",6.0,0.8582403160726744,4.39695311139705
18,"[0.05513286657242815, 0.5110349149097559, 0.425675228028147, 0.6518283877955622]",3.0,0.8244176508113061,1.1583730135072368
19,"[0.5976351418987611, 0.1802798796178568, 0.828525728673677, 0.33514935892064673]",6.0,0.960165885260662,1.0180099341131084
20,"[0.5742057610518272, 0.055037394889400355, 0.8475376358245266, 0.3358255036591496]",7.0,0.8499488544476898,1.2491519825329944
21,"[0.5725979556690438, 0.14571426240461266, 0.9412833290387264, 0.4366577010972677]",6.0,0.8156720527849164,1.63754695996739
22,"[0.46745814576627764, 0.022194208652229208, 0.6598232339695189, 0.1389473836526816]",7.0,0.700818564087864,1.2151958691555471
23,"[0.2631850133993367, 0.5271521480125605, 0.5258072686637643, 0.7078576499683602]",1.0,0.8088709460112683,1.966698173460443
24,"[0.3738235189714378, 0.410868478733133, 0.5447782085109949, 0.537129561098048]",0.0,0.7458484813692698,4.529248377666453
25,"[0.5248527276872785, 0.3842920610421277, 0.800754557001806, 0.5232529661493917]",1.0,0.9660006725943905,3.690765270366054
26,"[0.16386676171862036, 0.46595750271284747, 0.5406265809683152, 0.7936108792903609]",1.0,0.9622380642281085,4.513910326295362
27,"[0.2140049507951425, 0.24685400653001932, 0.5464350793457632, 0.6184583900061912]",0.0,0.7511013611947631,1.0701175165723467
28,"[0.3954016419738617, 0.5972517499169584, 0.702530435457241, 0.8869914714099993]",7.0,0.8066649813452568,2.621527065145223
29,"[0.03308012133606895, 0.47512094957730194, 0.3559399754299788, 0.7496510122689695]",6.0,0.8427474641568617,4.485271521168512
30,"[0.1595969869314616, 0.10607278990508706, 0.43724677142716883, 0.3030173211532876]",0.0,0.7132063450149447,2.9962494152683785
31,"[0.5764688938045212, 0.26610121306251516, 0.679552415104523, 0.49685784889671214]",0.0,0.8664641679403586,4.789204806844585
32,"[0.03764550916478595, 0.512584067438645, 0.33825807568240174, 0.819407083589601]",2.0,0.8962761793458686,2.7335045536633165
33,"[0.5025596216090105, 0.5800623533396819, 0.8885300804198643, 0.9337910771972714]",2.0,0.8647753145123411,2.34124282081876
34,"[0.2518631961806421, 0.08881400924930902, 0.44815765647459566, 0.27478085127024177]",7.0,0.9395264060329269,2.6461439146139623
35,"[0.43775399094484463, 0.03005793036611315, 0.7427065772619966, 0.22759473664297725]",7.0,0.8379910420600293,2.423963683700035
36,"[0.42414953988214504, 0.24727691514519107, 0.6448819106064134, 0.38395559102031696]",2.0,0.9602130916359142,3.7759118815073625
37,"[0.03241079237732718, 0.07675032415938407, 0.32161250901826105, 0.46419676315893266]",7.0,0.8802964988242891,4.457451787966033
38,"[0.34347470290470844, 0.5481003218329111, 0.49639770851130693, 0.8685202262676618]",3.0,0.8935817075718095,1.3885512309133818
39,"[0.3076200500308407, 0.3361787416195614, 0.6149567854222409, 0.5788073067847893]",6.0,0.7448429295071419,2.5653798431661325
40,"[0.5931010768922212, 0.20518319148743977, 0.9876458096239167, 0.5558463418975974]",7.0,0.8328178896310237,2.833623335864035
6,"[0.033579409922676696, 0.0815332180617764, 0.34614649335335834, 0.40125784067541936]",1.0,0.7358681211936048,3.3762915423265536
7,"[0.5504107470531167, 0.32235625558704667, 0.676958428766386, 0.6416492300238932]",6.0,0.8190597126569403,2.896375217006704
8,"[0.006771761433200019, 0.41094647007363144, 0.3171977261549169, 0.7125688820079386]",7.0,0.7667422383192254,4.630789110021621
9,"[0.5299810945901001, 0.285847901914645, 0.6354105836020867, 0.5688416439634363]",7.0,0.9804530105051241,1.5497540160206649
10,"[0.20349279089360497, 0.4237400910253385, 0.39733192913412996, 0.5968501987344481]",3.0,0.8181577963353057,2.829951315318264
11,"[0.14183154421184269, 0.0035321538534552, 0.38297832383986286, 0.3132125460338795]",6.0,0.7304671403899797,2.1018820935484084
12,"[0.07137124686884037, 0.06541790687476379, 0.3450599269952278, 0.2595295244687485]",7.0,0.9659150536094242,1.8392211960758207
13,"[0.3762248329708713, 0.37661873620823133, 0.5641067801913278, 0.48790559277314843]",6.0,0.729137437955171,3.367049838333239
14,"[0.42491360297056197, 0.5201697838712088, 0.7453259449082685, 0.7314769289989801]",3.0,0.7379740818189031,2.8286930999517463
15,"[0.16529929294830145, 0.23621526433535153, 0.4070817031406797, 0.4670682229566335]",7.0,0.8899722261128821,1.8861663039135093
16,"[0.2901549683222083, 0.09175066104884914, 0.5430341749099223, 0.3526571953080769]",7.0,0.8823840516389304,1.5826519317079895
17,"[0.5726151454788863, 0.4155409571172142, 0.8972260013691572, 0.8073191513871065]",6.0,0.8351417005176462,1.0688117465229672
18,"[0.4113005312153997, 0.38365428614827274, 0.6797202843418616, 0.7037551326833198]",3.0,0.8454688939882136,1.3420131362813588
19,"[0.3997326548003147, 0.4871206606254916, 0.6589221564909169, 0.5937214022786008]",1.0,0.7800425918993411,2.9293884729035873
20,"[0.2649009105096579, 0.30881115764706674, 0.38277850754542986, 0.4938213444411224]",6.0,0.8617185515361816,3.259071997649889
21,"[0.06739657553359199, 0.09286028442005101, 0.20276475086621454, 0.3659885664612991]",1.0,0.8449683904399836,2.492742866991751
22,"[0.1915732240328757, 0.3346423414477065, 0.37348538155751976, 0.5949992158696513]",1.0,0.784456715636012,3.5796510983545273
23,"[0.43235184455680065, 0.317478068440046, 0.7008220689483238, 0.4389329336497684]",7.0,0.7164209217055674,1.9288353739066184
24,"[0.5359231178396089, 0.44837200415356354, 0.6370749489369829, 0.7288589000337133]",1.0,0.8524377313666116,4.283615369115476
25,"[0.08644838388863314, 0.24105624630614408, 0.43308233309627947, 0.46832010697873216]",0.0,0.8448032652449162,4.205133690425806
26,"[0.21902594779313425, 0.5410724416402025, 0.4826927658870427, 0.8183308911482126]",0.0,0.9006238157885357,2.027276935734137
27,"[0.5767486879807155, 0.09847254397271389, 0.7157940194007183, 0.3859072041048522]",7.0,0.9725160586526714,3.7292652236390698
28,"[0.13381378146483205, 0.22127206358350548, 0.43973781895075215, 0.4817320988560332]",7.0,0.7853436693789757,4.929434811992795
29,"[0.33685935979964127, 0.4045661987009631, 0.6183056525149047, 0.6407020768159362]",0.0,0.9705686388855426,1.6621746146009873
30,"[0.3305063553927922, 0.3724497577123505, 0.5368958902993299, 0.620889578886268]",2.0,0.9971182229904669,3.208238997584993
31,"[0.11200836121848536, 0.15231072878399057, 0.4619955200695668, 0.3651703701686858]",2.0,0.7025202559507181,2.3949077290569436
32,"[0.2807054309838757, 0.2814901575845619, 0.4867663487175561, 0.4222528956797933]",7.0,0.9730037187276366,2.9697490289148054
33,"[0.4800658702773204, 0.5615971209236451, 0.6642997957180206, 0.8347991949865766]",7.0,0.898133864912317,4.322318500626023
34,"[0.048225228045584996, 0.44914692584450716, 0.2885919058473394, 0.6554572763669461]",2.0,0.8068793097965231,4.598687621152489
35,"[0.11675531367588815, 0.1935923514461356, 0.22478003521145068, 0.3970215857130752]",3.0,0.7921679958418528,1.9249814965437695
36,"[0.5414450989415655, 0.08206424004859944, 0.7465808014713832, 0.3988876379370083]",3.0,0.8092529951968124,1.7050996116283894
37,"[0.3521905836997145, 0.4727237375004459, 0.5469207107669307, 0.5991948050844629]",6.0,0.9903228851728167,4.889340712521828
38,"[0.4083062511529567, 0.3981351416935978, 0.6540013379809856, 0.5318833556489222]",1.0,0.9431781371415355,3.628412542945318
39,"[0.25512405576113195, 0.22473491169233467, 0.6281744581072486, 0.4376365420971402]",0.0,0.9148713765730822,3.2617294397405248
40,"[0.4159165489820379, 0.42179758339736567, 0.7721067648515446, 0.6400658490275677]",1.0,0.7198509777415388,3.4552106378903438
41,"[0.048451548651259155, 0.019998674257641635, 0.2782455356891962, 0.4137891017144916]",7.0,0.9212853311149576,4.2016194276231555
42,"[0.13139224972043273, 0.10649682148792118, 0.44827373943388515, 0.2929362023262045]",6.0,0.9278621848587485,1.682031395288076
43,"[0.11381618286482018, 0.3547028816468947, 0.4705370383257955, 0.6951777796921178]",1.0,0.8507576058158589,4.033121165919558
44,"[0.1505453473590148, 0.07562404962146116, 0.3453222029054369, 0.3853144096134522]",1.0,0.9582694485538215,2.683480679380837
45,"[0.09689906726231316, 0.13849361981133101, 0.2649194889235753, 0.4604957785068271]",1.0,0.8737669945391864,2.0167244351977365
46,"[0.3159443793299977, 0.453135201286442, 0.503305742118763, 0.8407786421248575]",0.0,0.8061087851590059,4.524609770791605
47,"[0.5351581616857896, 0.4473831019362587, 0.8241240151531116, 0.83558387468137]",7.0,0.7548733211283034,2.264467752927826
8,"[0.4014907384775654, 0.30429421509216065, 0.7994343891895741, 0.6300821940407633]",6.0,0.8229443149826949,2.893730046678349
9,"[0.036121586636965027, 0.4268589916236389, 0.15646723294825507, 0.6789815726968864]",6.0,0.9842074450062005,4.370998641257041
10,"[0.004103528605964302, 0.0570060914241127, 0.228299154784307, 0.25355111979133305]",6.0,0.7624319844092095,4.215520525524649
11,"[0.021933208337254182, 0.38141913511869563, 0.16188965942033787, 0.5309775148957617]",0.0,0.940025807501473,3.062150746849057
12,"[0.3806294695345738, 0.2936089570498613, 0.5634474949064928, 0.6178910876111388]",6.0,0.8295172743924404,3.5645640931835647
13,"[0.17446421820652477, 0.18074362987485437, 0.3265066699285625, 0.3403095686903832]",2.0,0.9977585190260545,2.5398700278807183
14,"[0.2610378587491659, 0.4066636540913852, 0.4698005624635756, 0.5976618288624703]",3.0,0.7889565988484739,4.327204481844559
15,"[0.14344676883960233, 0.47314229902919336, 0.4781338776955078, 0.6638790585717806]",3.0,0.9591154511945823,4.290081943724296
16,"[0.27519806192895163, 0.505885109618556, 0.4564520132609851, 0.7489630048101832]",1.0,0.8968964141686594,4.245470012322121
17,"[0.03644861480000667, 0.5052635119850782, 0.23841757295292898, 0.6330918199171387]",2.0,0.9458715696230935,4.314497034900193
18,"[0.3896252963855787, 0.14452387577797668, 0.7608372060472675, 0.369201459838301]",1.0,0.7801259223926758,2.5059114550549664
19,"[0.4792892977517541, 0.2500723773742662, 0.6783209277971955, 0.5480360196438055]",1.0,0.909393822028095,4.062967097967322
20,"[0.09405520297838543, 0.06503811829571338, 0.4072825471763002, 0.2837122606260386]",1.0,0.7155653032869912,1.3589902619598178
21,"[0.04392161826025349, 0.39780032895534795, 0.3994255255770341, 0.7721922097544196]",3.0,0.9225776928931387,3.1944324996280415
22,"[0.2994685186013565, 0.1203564445061679, 0.4700056163527673, 0.29730086781875636]",7.0,0.8924345080054428,3.051500524641373
23,"[0.42553613544738417, 0.41283285304567424, 0.8066741070646577, 0.5996651140594402]",2.0,0.7174805749235611,2.809529957361512
24,"[0.1050476561681704, 0.48104572717027994, 0.2776455529630434, 0.8297100968687605]",6.0,0.9233389371639211,4.499068737820996
25,"[0.10226930889835668, 0.0676919329223575, 0.2749786372382689, 0.42641453227140336]",0.0,0.7860176450808867,1.096983907688068
26,"[0.29514130799370125, 0.47048881599624215, 0.4795388553547303, 0.797266897945615]",7.0,0.775014454525284,4.036595442740494
27,"[0.18981805251795764, 0.5200342352449019, 0.5307965603026557, 0.8779398937203745]",2.0,0.813331300997938,2.2397725117388916
28,"[0.560257437624119, 0.40411797470324257, 0.8149498214761408, 0.5749984890939117]",0.0,0.7577137409563456,4.8487722375369735
29,"[0.550476577124864, 0.5732993847394264, 0.7795532447028511, 0.9017330131522796]",7.0,0.8992792318796389,1.586836292236475
30,"[0.10844732472939327, 0.27144744389014736, 0.35853723059493076, 0.6371865044115776]",0.0,0.9762055846288642,4.570194085908486
3,"[0.1503841257727813, 0.25216800279259827, 0.5174043803277866, 0.45276664872196826]",3.0,0.7056475050733341,1.943879958641275
4,"[0.5962556074562684, 0.3122730311264217, 0.7708628934491566, 0.7014396141511482]",2.0,0.9860500503813432,3.5268768455556145
5,"[0.17107129909717225, 0.5708186862219081, 0.4582020260304416, 0.8976324190474472]",6.0,0.7078541543458243,3.8931766830447843
6,"[0.18275503140524182, 0.19217514864717736, 0.32102995065565776, 0.5236602133436075]",0.0,0.7220975609467147,3.869575005340052
7,"[0.35992410146783027, 0.25323863939917296, 0.5452278245918256, 0.3919560262474227]",6.0,0.9861575236984155,1.4276825215793072
8,"[0.5352524181111298, 0.5642884481052295, 0.8354359761660137, 0.7729922921371379]",3.0,0.8350320023429196,2.830755216826938
9,"[0.10243582628525809, 0.4645063498200729, 0.3289013577248467, 0.5950509941971179]",3.0,0.8631316261007342,1.2351194075569083
10,"[0.3186759134936792, 0.16341560130788657, 0.7135133968981556, 0.44660137411970174]",3.0,0.766983283691947,3.8783207103067
11,"[0.4952659137056475, 0.28940222912120656, 0.7421360300988127, 0.4243537691874736]",6.0,0.9018081424458043,2.308353219937198
12,"[0.4154009195261998, 0.33030670983324334, 0.7759934547067326, 0.7110015824145244]",3.0,0.8908230920142783,2.9046130508684054
13,"[0.25675648488091063, 0.12166303628920565, 0.5297635805649649, 0.458652752066155]",6.0,0.8889380463584925,4.1638374015671555
14,"[0.4451164265547217, 0.4065151561249264, 0.7181390191911268, 0.7352116586881114]",2.0,0.8876774199249309,2.781663001901857
15,"[0.11623524151467635, 0.2345365174195639, 0.2790292183822085, 0.5400478751374641]",3.0,0.8518835847911462,3.2815438381363453
16,"[0.5421896674419516, 0.050069858687835644, 0.829579522175436, 0.3020189458098394]",2.0,0.8082437218910485,3.946798896439849
17,"[0.3622643868712845, 0.33587094213443425, 0.539196459945861, 0.4370711205034915]",7.0,0.8544202946715551,4.082187997473731
18,"[0.09767935666993754, 0.010836986105262824, 0.26641720789356893, 0.1601022140913595]",0.0,0.7761855111133132,3.30331773045735
19,"[0.004573938694121482, 0.4912950867540278, 0.34365585478140404, 0.8540851389755693]",6.0,0.8967478444859498,4.650564373779471
20,"[0.4412227563009771, 0.2400984118756076, 0.701839649949257, 0.3964017333436836]",7.0,0.8232682096136319,4.024658190744029
21,"[0.33258880999775414, 0.448725437566148, 0.5816788829487831, 0.7474586160422887]",6.0,0.8289611797647606,4.251265336802934
22,"[0.504699586793309, 0.39374630124912163, 0.868842915289423, 0.6354585155377852]",6.0,0.9871230260971575,3.8873925977775956
23,"[0.15897638233708378, 0.2844652060857242, 0.5299036842994713, 0.6023814171826167]",1.0,0.8169837903218102,3.8069291984251517
24,"[0.5922175758968298, 0.2539160998834837, 0.8858943654568288, 0.3860826000134882]",3.0,0.8050116697684807,4.046207913869463
25,"[0.2686383071925409, 0.39793595285978456, 0.41542962955244606, 0.7853015948366238]",2.0,0.8904692874251429,2.2221700487777354
26,"[0.1538677402619032, 0.19718591678161232, 0.46177207699179096, 0.41156628344839663]",6.0,0.8523643558015628,4.796600201690744
27,"[0.1050551053287669, 0.5026255086253255, 0.2711887837596158, 0.6083899164061601]",6.0,0.7710815345096522,1.6048048753407163
28,"[0.5030828074439972, 0.4461249633309263, 0.6346055283281202, 0.7287780891790594]",7.0,0.7237668498777368,3.635096727580437
29,"[0.39075714267862327, 0.5653288117716802, 0.6557156140657756, 0.7300792751477261]",6.0,0.8951825475205771,2.245214316481312
30,"[0.47004732684593786, 0.511133287926617, 0.8302237106470327, 0.7880659591549714]",0.0,0.9334414398629463,3.4970264775870383
31,"[0.1059588436347475, 0.09849955585237925, 0.4401830917813975, 0.3080552898446706]",2.0,0.7136656486518467,3.062761617364158
32,"[0.2960320397562038, 0.34807518202811843, 0.6562473425111797, 0.5106592665038896]",1.0,0.916826084129315,2.047196954445067
33,"[0.3412908562064885, 0.43802648479054407, 0.5516086989338576, 0.8185065657006678]",6.0,0.7134040316325485,3.42720558110123
34,"[0.18649036310327655, 0.4239400279474297, 0.42432078839028187, 0.7079794126928538]",0.0,0.9089018171215237,4.791285188241156
35,"[0.28451076539719394, 0.16369379259108466, 0.6198613997689442, 0.2818219497589183]",2.0,0.9339286793368885,3.874713540271965
36,"[0.5914102454529557, 0.4651390563668079, 0.8296477084024021, 0.5864109522442801]",6.0,0.8353984010761324,2.0652772384551166
37,"[0.27096585791341055, 0.47640196763404896, 0.46673284688248456, 0.7982551217203389]",6.0,0.7646031601508889,1.0847023062782832
38,"[0.26096868966402575, 0.4113703844362449, 0.5541343667280345, 0.6339253330924542]",0.0,0.8967874381455768,1.8693850958154483
39,"[0.4248104598827485, 0.587665757199679, 0.6863397914474527, 0.6986589406595644]",3.0,0.8147272293685104,1.3216213699763713
40,"[0.16636044086051974, 0.36738149320933255, 0.38911972753069646, 0.5173928134651933]",7.0,0.9530014455710826,1.5721984769096449
41,"[0.3871304139092617, 0.002952676884187455, 0.7123587582294386, 0.37818720386287874]",2.0,0.8718596403932038,2.078744573287482
42,"[0.5293260568895406, 0.18921346283516108, 0.8103184620888745, 0.4930676014723834]",0.0,0.8769635343883059,1.6490313637580976
43,"[0.5448203947502449, 0.0327964438956863, 0.8429663706371908, 0.38982753391657793]",3.0,0.8820359958098387,1.4372359316473768
11,"[0.3841665675914306, 0.08768669626219694, 0.7706229350510556, 0.4274593676289724]",0.0,0.916436629181546,1.6295998192574008
12,"[0.13192515882635317, 0.07288905101921488, 0.23704543951388896, 0.2231248701764152]",3.0,0.9415584042781018,4.263117603987615
13,"[0.1412953145173115, 0.5368998623120741, 0.33998302534670555, 0.8713724405598814]",2.0,0.9541228136485805,4.1632657558352975
14,"[0.08666813059008417, 0.4254453761949622, 0.33118713454671933, 0.5948550380613021]",1.0,0.9778070273186259,4.675460362927058
15,"[0.035326719027394766, 0.2828490100783989, 0.2752108936835036, 0.4257660360832936]",1.0,0.7491087229073562,2.275090499583628
16,"[0.34945676486389915, 0.3130602245722731, 0.6735234460548069, 0.4398248899416681]",7.0,0.795892852333968,3.0021010738413874
17,"[0.5597230863626805, 0.07539448808442613, 0.7885470296324076, 0.3111512451871161]",1.0,0.7719860654666582,1.5884122494235002
18,"[0.5990890337122368, 0.15639837368638224, 0.8458962891266533, 0.45588096639963815]",6.0,0.7475220862884849,4.616776109007316
19,"[0.1633055045995944, 0.3079500479217614, 0.4742627915763111, 0.5677623798149914]",0.0,0.9038555429536721,4.613403078195999
20,"[0.4254539421230465, 0.34718156539644357, 0.5504245666845631, 0.45692288151049026]",1.0,0.9953991801344331,1.593549787808617
21,"[0.4863823388736778, 0.15327673474353268, 0.7748185809743329, 0.49497128590155715]",6.0,0.7178378071617993,2.3374504261722464
22,"[0.2275975045003252, 0.43190369765641673, 0.4403767488043394, 0.5554969286165181]",7.0,0.8028814689735552,2.165989518125995
23,"[0.5332200181367491, 0.2988151692143319, 0.8962611245035615, 0.6296882664725783]",7.0,0.9682075824036757,2.6894033176901457
24,"[0.025296039929422354, 0.5597274355993744, 0.22014551916940012, 0.8840363728009244]",7.0,0.898319413702355,4.716327186145177
25,"[0.2191843551794801, 0.0295484758794994, 0.475511928500978, 0.290854343170316]",0.0,0.7184750157723947,3.8888643439127346
26,"[0.1169129338441789, 0.07169997844851743, 0.44740269933659127, 0.4124745359149829]",0.0,0.711882953172492,3.624497219299025
27,"[0.40411732228457536, 0.5798221891436333, 0.5360808270485813, 0.8332163609444309]",2.0,0.9755027511232051,4.778896773226014
28,"[0.4799544562933744, 0.10417397800032599, 0.7947493207787982, 0.3972176930727568]",1.0,0.8247982503340026,4.795709122865077
29,"[0.4288876697877009, 0.4928950137141968, 0.7283259749187649, 0.6255668882578413]",1.0,0.9845091482696309,1.9174531760316027
30,"[0.46273267944986207, 0.0587156717061847, 0.8176457184589667, 0.41976861518240244]",7.0,0.9860965330580622,3.3112259489849136
31,"[0.25954354472101904, 0.362546635342693, 0.4851155359641076, 0.5761443888805108]",6.0,0.7376564532482258,1.9688597216872945
32,"[0.3584663361677644, 0.09754526416880038, 0.6736043679981804, 0.25840980781110395]",7.0,0.7327339001720178,3.6962502559501584
33,"[0.5963110957760723, 0.1903253657223302, 0.8964801019196469, 0.38995666397712614]",2.0,0.9338759127593952,1.7339844373784348
34,"[0.10639864680305751, 0.3020749415704426, 0.30052230026641813, 0.6247296441111791]",0.0,0.8017082155908213,4.170302535065085
35,"[0.2462429981316113, 0.5669784765270638, 0.48237461365719303, 0.8668566148871417]",2.0,0.7901563881956116,2.139915722973522
36,"[0.4127301275913303, 0.571816798175079, 0.6394039883069833, 0.8588161748149001]",1.0,0.8899990774052212,4.910963439421045
37,"[0.31318297310213794, 0.1584520050529797, 0.476246298181873, 0.3844232665673232]",2.0,0.8931397110221215,4.099984096764105
38,"[0.5012950831198484, 0.3807491601486995, 0.6054926006625201, 0.5907149771003972]",6.0,0.9131615214150949,1.4990181877744062
39,"[0.10928075706755913, 0.18819922340403786, 0.3690371626271304, 0.30027269095938736]",1.0,0.8941365044057931,4.0784163762400105
40,"[0.22697018123873505, 0.29815898578236305, 0.5908842202378725, 0.6219707732525004]",1.0,0.9968104923683098,3.8470576729429653
41,"[0.5457187990307559, 0.32217548325556195, 0.9374670866779367, 0.49229557687831554]",3.0,0.9518172693620133,2.9268913468151148
42,"[0.24668631779688224, 0.35364408840275346, 0.4962257171223011, 0.6707043637886407]",3.0,0.7187913100195522,4.649221858947709
43,"[0.05548417932894534, 0.3544813077285702, 0.40328402247222445, 0.5315999746436509]",7.0,0.9993952973998719,4.068488807441181
44,"[0.09897881258163652, 0.22432419562808922, 0.30260767022740265, 0.407510828995403]",7.0,0.9361738547944113,4.194725227371907
45,"[0.4824020374729513, 0.08922093993442133, 0.7460062571197474, 0.4020546796767812]",7.0,0.8896765071151684,2.209539986891561
46,"[0.15648149353671845, 0.4038007708537268, 0.2660066801332721, 0.5177529723752656]",0.0,0.7201458838287614,3.327204623130053
47,"[0.21765123301901124, 0.23679849350624607, 0.5710980304750949, 0.5700179550981408]",1.0,0.9310466622545409,2.327978702843236
48,"[0.3823715870659486, 0.48637439692895523, 0.5569282665210511, 0.8773347178470918]",0.0,0.8562818134671006,1.807580103787091
6,"[0.1810760107356924, 0.4469795939147516, 0.5460236608443638, 0.6781065151261164]",2.0,0.747111058321435,2.315932920595985
7,"[0.0871628230038053, 0.44703635403364156, 0.19788989116008565, 0.6433021097637389]",3.0,0.9887900787142406,1.1416710879773149
8,"[0.05784761282938171, 0.20541412653710459, 0.1600968510557808, 0.3482491571374813]",7.0,0.8234100472558668,1.1394289193906117
9,"[0.3280706655358835, 0.444996868762524, 0.6563921597963893, 0.6573926651026099]",3.0,0.7293299382821522,3.247707849171638
10,"[0.04490849785159818, 0.3986579761993257, 0.18528944110930257, 0.5591500902201058]",2.0,0.7240975591532359,2.2927457131635993
11,"[0.253667423170585, 0.12861163264348643, 0.5596431299872235, 0.5101197117500288]",7.0,0.8632513144826655,3.5145054381260907
12,"[0.4386216971621164, 0.10581697521865867, 0.6008654060788525, 0.29494640448286963]",2.0,0.7163424389594882,3.4566378303371046
13,"[0.4025689589941705, 0.18055567568679456, 0.7788087309577663, 0.5644062949448426]",2.0,0.9355216258924582,4.670441868201375
14,"[0.33139056549750795, 0.2573117614215668, 0.5894756043683382, 0.4847316731052191]",6.0,0.8964381188546733,2.822484756364039
15,"[0.4525046661698913, 0.08715004888522446, 0.7071902160458587, 0.3193662088336662]",3.0,0.7476454609750004,1.955586527786696
16,"[0.36134062939752737, 0.5906623352537053, 0.5185539526123969, 0.7500940430647173]",6.0,0.8182530543284088,3.5585179113821335
17,"[0.5753313672017171, 0.35189670205602447, 0.8442074255181036, 0.7434462954130023]",0.0,0.7284938634955549,1.4773298717144947
18,"[0.29779353064582276, 0.002113788746038203, 0.547681630365559, 0.30681065837079835]",1.0,0.8701748348071816,4.329212901745321
19,"[0.5321325179917924, 0.3523177250299799, 0.9152814520100199, 0.5563220664677214]",6.0,0.9883011162837232,3.650941814224043
20,"[0.14246997848091825, 0.3081992447574938, 0.3129549096113614, 0.425447323369438]",7.0,0.7259755808563013,1.57722787519725
21,"[0.42172060214979645, 0.2712872602013719, 0.772167277791789, 0.5387215279813573]",3.0,0.9711704518597324,4.2519314376144095
22,"[0.2491919302709123, 0.4182116952955696, 0.3739067908005749, 0.6641295129307547]",1.0,0.9480778737544817,2.2097493146023206
23,"[0.5498549482273022, 0.1921683509287191, 0.7155488356308712, 0.4235726667254943]",6.0,0.9502374023896746,3.524037061751456
24,"[0.49022754307569566, 0.534464898796445, 0.6786486803789499, 0.7192670556271235]",0.0,0.8864451916136287,2.8995666949142747
25,"[0.13537777515546934, 0.39784445092249576, 0.44511668651490527, 0.6895351933369742]",3.0,0.9685557196129815,3.264828998302849
26,"[0.13542412705713971, 0.011293117051366708, 0.24993168220385484, 0.2426486086465999]",1.0,0.9561274085957822,2.370637331070007
27,"[0.2040425855958029, 0.3897924787298231, 0.4702207667237951, 0.7133817119368675]",7.0,0.9714387461361267,2.303551137603884
28,"[0.13999129040951575, 0.21564504946091542, 0.2557194705303723, 0.49160769847748687]",0.0,0.868549818043261,4.732526091973687
29,"[0.5652870050141954, 0.06567447588256348, 0.7767838353531155, 0.45386643788757375]",2.0,0.8419027864982204,1.998094751255004
30,"[0.06397962329818886, 0.10723119299181778, 0.2164108077995437, 0.2364625597068158]",3.0,0.7063606196742236,3.888272454168571
31,"[0.19950137079660138, 0.12820562802834795, 0.367715168365093, 0.2567541989408641]",2.0,0.7548566195150506,3.923351315714937
32,"[0.5251192670937133, 0.0890913091928591, 0.6387735188559457, 0.3597427696385792]",6.0,0.9214878085143083,3.854593097013553
33,"[0.17786979550333631, 0.584319235788542, 0.45506319251872557, 0.8097355276736706]",2.0,0.7192750231365004,2.051863445146043
13,"[0.1370219555041481, 0.12482937315599786, 0.2851775365083852, 0.37320005059035793]",0.0,0.7788902762037894,1.9417947181980817
14,"[0.10492886764107068, 0.03843042875049787, 0.4118309075655813, 0.4366378364645793]",3.0,0.9574445105537928,2.2471394014825288
15,"[0.5833773325686934, 0.5606914599548602, 0.8356093164308134, 0.7423996438108826]",3.0,0.8668553807056925,2.682750057129322
16,"[0.23184679071834327, 0.17081430887003207, 0.4847024517461388, 0.5455323226596889]",6.0,0.8693622875481903,2.1344199036534124
17,"[0.27535969895626194, 0.5416435851343478, 0.5269570039320958, 0.8133257592531059]",0.0,0.8699518824970083,3.5439191356025224
18,"[0.045582128206732284, 0.49420154728918236, 0.25465438637921667, 0.5998296918685303]",1.0,0.7441244939106944,1.1079070547455578
19,"[0.2813299250319023, 0.2669227357317227, 0.48170189188435564, 0.4518091161782388]",0.0,0.7275422133131522,3.882030720167414
20,"[0.01917874659465164, 0.46342373902020406, 0.24072160480465205, 0.7854552161053067]",6.0,0.9562138110585388,3.481587401447252
21,"[0.10006391578507656, 0.33468902963574493, 0.4797767950680244, 0.6618675221568016]",2.0,0.9811458039268561,1.8893485965069416
22,"[0.32779160312608785, 0.023974447978916347, 0.5906729282050971, 0.3863529250805122]",6.0,0.7783025911632353,4.915420395039923
23,"[0.1097564625245049, 0.18635122255702594, 0.2793179776979607, 0.4301901646341513]",0.0,0.7932102000375458,2.6453601777963294
24,"[0.3329021425832585, 0.014399232051458054, 0.6001077789353761, 0.2089925290648887]",0.0,0.9822114067541943,3.250350486276291
25,"[0.1488243932156975, 0.35709935209233223, 0.28926092958838934, 0.6568926855949107]",2.0,0.7530087725902406,1.115011885546925
26,"[0.1697809903501146, 0.48351898751875716, 0.3928192479632264, 0.7030388230023783]",0.0,0.726955224866116,4.828364166702666
27,"[0.31914631005853505, 0.412032471013488, 0.4466996590802528, 0.7410625578535497]",0.0,0.7996634807554305,3.9907054635722212
28,"[0.38710608931240875, 0.558729935041121, 0.7592487553202227, 0.683842149613988]",7.0,0.9005768558168022,4.531208716168291
29,"[0.26510984998396686, 0.3693702336912214, 0.6325963170029951, 0.5223390815453431]",0.0,0.8000958244458705,4.464678822929636
30,"[0.19292189774324628, 0.5440243039190163, 0.5107964866027774, 0.8387333864176052]",1.0,0.7508746102398417,3.6083508827787183
31,"[0.03916203052321205, 0.18139896321363663, 0.226708424028453, 0.3075620125937528]",2.0,0.9721478356726019,4.158471546404328
32,"[0.12626413817921658, 0.41569648085268623, 0.26323702006849037, 0.7562784615173581]",2.0,0.8847880588957465,3.323392016757833
33,"[0.3711974598460604, 0.5077584205964315, 0.6988698396144277, 0.827508375064022]",0.0,0.7376328088647305,1.3316371860360543
34,"[0.059923149422366824, 0.12751470572604956, 0.3811770511036427, 0.49928967088094284]",7.0,0.7554983232883624,2.2670878343682945
35,"[0.20746812205144707, 0.4222633400149642, 0.6068207670618361, 0.805602818815462]",6.0,0.718404229341024,3.8392687459862875
36,"[0.2134108710568743, 0.2931510556689448, 0.42336100705671165, 0.6125237486289676]",2.0,0.9020656231458783,4.834354027771601
37,"[0.4059177965647412, 0.08663697351133211, 0.7724632641402185, 0.41291843414106916]",1.0,0.8988296272330403,2.11522889854734
38,"[0.5012977674843114, 0.019311374657636857, 0.7885202761260489, 0.18922040137553767]",1.0,0.8926221668875388,2.011151317660815
39,"[0.19071357154572446, 0.20082793350531955, 0.38239485609504853, 0.3432193628127217]",2.0,0.9005072171873484,4.941709859258135
40,"[0.00870539619412085, 0.5543311618351292, 0.23293665018505302, 0.8090171953344585]",7.0,0.7757932614098475,4.018736012314219
41,"[0.24649254102799303, 0.15684112714129647, 0.41910060429865104, 0.4674976040020111]",1.0,0.9457032339972504,4.948344241030762
42,"[0.014302168470547948, 0.23812923766855457, 0.25523623053872224, 0.6374949046325237]",3.0,0.7273551749209578,2.573996849443074
43,"[0.17640959614242158, 0.5171511779075528, 0.44451071977288237, 0.7118920675571541]",7.0,0.9334309049993466,4.007541643491022
44,"[0.12420899630499406, 0.06417430936488945, 0.25243388402755357, 0.18358519554914415]",0.0,0.8306942393260783,3.06766082164509
0,"[0.18742616297998063, 0.4979800972575491, 0.48539675985846376, 0.5993800322071869]",7.0,0.8743530123861608,4.801058230627879
1,"[0.3580190017043688, 0.35252280505941663, 0.7388138060508602, 0.5130114084344461]",7.0,0.9010807157519449,1.7265040274410413
2,"[0.5081254462287954, 0.5721949413939625, 0.9031629808679882, 0.7676969119751248]",3.0,0.9737192018701457,1.4184871365355525
3,"[0.37084079886149385, 0.1618759856157798, 0.6987088625489504, 0.4285739928951493]",3.0,0.8224754057759508,2.287304683065342
4,"[0.15973182727212112, 0.31448958178820324, 0.3647487412167647, 0.6192816527093381]",0.0,0.854318813349199,3.736807910877512
5,"[0.14718576952877804, 0.5160231785818385, 0.513581865594031, 0.7443106239672783]",7.0,0.8778527078352469,3.7817947434894315
6,"[0.4483062958436973, 0.006739935272147712, 0.5902213634530639, 0.16461991537027065]",3.0,0.9587242613044831,2.924181449776321
7,"[0.45373830900150824, 0.5865983119892101, 0.8099870625929525, 0.6870281302641678]",2.0,0.7957801146568535,1.9931673758682944
8,"[0.4841886876354343, 0.37207101485467553, 0.6448988668252323, 0.5199517905636586]",0.0,0.7636863675420831,1.0006138544108374
9,"[0.2213928985262283, 0.11485319879150835, 0.5134587822106691, 0.460382691361343]",2.0,0.9119645530841051,2.7477895083857513
10,"[0.5318018424077864, 0.5243294124764242, 0.6396493422040674, 0.6552682757000704]",1.0,0.8675251659216257,2.9022328502580796
11,"[0.05206223097475719, 0.550724013216443, 0.21038650667331088, 0.8551998977927203]",6.0,0.7345651503602902,3.266066187869483
12,"[0.355375505315952, 0.11209115898968121, 0.7426977407633082, 0.22518624177292174]",1.0,0.9223315886574519,1.2783509334847456
13,"[0.19600872481851445, 0.13453592061254332, 0.31101937133910146, 0.49715320720338535]",0.0,0.7034971643279344,2.263496176878185
14,"[0.43339389298726516, 0.20821389473461946, 0.8186079751885477, 0.48604853463777264]",1.0,0.8622032806377333,1.396599496792356
15,"[0.372654720854061, 0.31312273823402176, 0.4741628477300573, 0.5902398778625568]",0.0,0.7574647614188852,4.476056020938585
16,"[0.48924130768302276, 0.23079545745040414, 0.8848852890037878, 0.4083666954692979]",1.0,0.9906527273420461,2.7831856704600444
17,"[0.001125419264639982, 0.03254917359355867, 0.2698129774532316, 0.3603163709740468]",3.0,0.7421309971208422,3.4365041582512585
18,"[0.4466562223334021, 0.0627069497560893, 0.7665658483224843, 0.22967698975474293]",6.0,0.9382892730681613,2.2117505070277756
19,"[0.49570822296357764, 0.4328412214340564, 0.7743917969557321, 0.7832538425033679]",2.0,0.780191102223438,1.4328495669378611
20,"[0.11548555814988415, 0.32946940343834286, 0.4362945352744052, 0.4923396536178386]",6.0,0.7682157776982058,4.412880435063343
21,"[0.03096461355283002, 0.37659978471898675, 0.28322279048105187, 0.7709166001774861]",6.0,0.8552573532367531,1.8272343384953749
22,"[0.15878840426085575, 0.030563679181836223, 0.43994475436838676, 0.20330710590959689]",0.0,0.8311367777842162,3.61076317202776
23,"[0.23248047475583666, 0.5288332162089678, 0.4916660866128956, 0.659597051605884]",1.0,0.9602689504558994,2.187079100301516
24,"[0.5579075262467224, 0.4848406228280307, 0.7718090320759657, 0.8047671649437056]",1.0,0.7013150905259121,3.5495156656942317
25,"[0.07688880907999411, 0.30030214166949604, 0.2886506360439948, 0.4904250901506119]",0.0,0.8657620286885406,3.1549607638382855
26,"[0.493367605076125, 0.28941542761657146, 0.7212007464449512, 0.6875396803834066]",7.0,0.9902503301809871,3.8232161161877154
27,"[0.13313344473305005, 0.2339876454635601, 0.37117421533108885, 0.5177695026794134]",6.0,0.8859117168368413,4.20756971695873
28,"[0.5543929108749686, 0.13448139730381636, 0.7262808476761867, 0.39407147673229104]",0.0,0.9239845895422308,4.6841747929878075
29,"[0.2760536783952629, 0.17922393032292597, 0.4059395682573387, 0.5536040454772765]",1.0,0.9893045826506555,2.8820956249665466
30,"[0.35016745282604544, 0.44667932127200893, 0.6439420157436708, 0.6055482949185551]",0.0,0.7027097810319137,3.0091662337068747
31,"[0.43453757038222485, 0.3835505783385812, 0.6653514165089174, 0.7790806270415147]",2.0,0.8215773759875076,2.4053267511548366
32,"[0.4411970682735249, 0.4684317257631264, 0.590499003569561, 0.7757967587459186]",7.0,0.9222549144311967,2.5844348875073813
33,"[0.3753312335324721, 0.02081496552477, 0.6236361265782263, 0.2870614576956648]",7.0,0.8076946716235507,2.554188922926476
34,"[0.206864911249421, 0.06581280806491274, 0.3197633734958558, 0.32951100191771365]",3.0,0.7573352575456743,3.6789386126156787
35,"[0.383141117351253, 0.25169684989357205, 0.5800012157745743, 0.3626351511431271]",6.0,0.9703124444455682,2.8077803305362594
36,"[0.08707229774591733, 0.13059902648066504, 0.25385611672448577, 0.3293073463591666]",3.0,0.7911800826329551,1.0734191744075468
37,"[0.2597914556833123, 0.0072916449316205775, 0.41345342600457635, 0.3762627619775879]",3.0,0.8678049244142064,2.861152448380227
38,"[0.08238091892640828, 0.18052027788347105, 0.4025187233736546, 0.5706617075531379]",2.0,0.8852609627251746,2.130006029010521
39,"[0.31339645801935584, 0.3673318383277833, 0.43822081610658725, 0.619944261437327]",2.0,0.7826841821266906,2.6572700301168943
40,"[0.3370493695697983, 0.4605994602831097, 0.6219182018508712, 0.8539878651362106]",1.0,0.8508906432719696,3.4319302898028132
41,"[0.018138683024839408, 0.5354134388074718, 0.15337951391383434, 0.7546397414309491]",0.0,0.8137525188927219,2.59725383463757
42,"[0.11499160771213468, 0.44516950397070315, 0.2183339460291468, 0.6728837692829592]",2.0,0.9973447070124983,2.152242685745483
43,"[0.41907113652937433, 0.37503452080580474, 0.5683848938985581, 0.569410196534243]",2.0,0.9568510667103551,4.728888757711966
44,"[0.3767602120939699, 0.01568843943917504, 0.5408087759803745, 0.2517426802614516]",3.0,0.8268535311780421,3.2561918418698603
4,"[0.015401744369361125, 0.09152353839620594, 0.2279178281182707, 0.33128768791152985]",2.0,0.9048483240746664,2.760050564515572
5,"[0.033224356007981924, 0.40857514628331404, 0.3863716304191406, 0.7517236342950161]",6.0,0.9087810212392284,2.5903570085863685
6,"[0.36059392179998734, 0.02523167189237723, 0.5143614374713278, 0.24855716294478694]",2.0,0.8245635278754155,4.124064854744087
7,"[0.49049342467088813, 0.2607146874091123, 0.793461079839, 0.6274553599541083]",6.0,0.838915160986,4.822082628442354
8,"[0.018978571580720447, 0.34440392531915226, 0.2022836697691827, 0.7176819244824293]",3.0,0.7363814436262546,2.343650031698846
9,"[0.5501298650156424, 0.45837589325074585, 0.7989679125347049, 0.7773957733787863]",1.0,0.7806577900087579,1.4546218879015944
10,"[0.260394647717025, 0.020627292003713847, 0.4734285898300373, 0.27200400469015973]",6.0,0.8079192455419199,4.665979605327001
11,"[0.051830008453746655, 0.43702699280086366, 0.3225961211157911, 0.650366022095403]",7.0,0.996909020898208,1.6057111591998434
12,"[0.47277781835252464, 0.571950439552024, 0.5811388009776557, 0.8110010542955617]",1.0,0.9981693124562134,1.1351446145520996
13,"[0.2782970380055184, 0.22288097357882933, 0.3794055630469291, 0.3478864771842235]",0.0,0.7509119672073103,2.991388997550245
14,"[0.4193556819980716, 0.22798808872195103, 0.5721666361158374, 0.4703014172464587]",2.0,0.8512408596372693,4.609277961296341
15,"[0.5439978443569073, 0.04283936613315433, 0.6523127936577819, 0.1433651169296578]",3.0,0.8032844890761424,3.2867995852540997
16,"[0.249337820847514, 0.4992543203526387, 0.39143671367176386, 0.868371782213941]",7.0,0.8663501082757046,1.9693727568653077
17,"[0.015527075779119048, 0.016567491591664395, 0.31291253002931924, 0.2504946027822225]",3.0,0.9457081128170823,2.967748429490352
18,"[0.36548784076613555, 0.31600666350616, 0.4689634216304554, 0.6199741426202874]",2.0,0.721951494082529,1.3723038861239896
19,"[0.4163663741186318, 0.5028828025323017, 0.5442493626388158, 0.761974055258704]",2.0,0.939981540546432,4.547989880968425
20,"[0.5171377061558079, 0.36257001410566686, 0.6578396510162969, 0.5942220071417088]",6.0,0.8029594941630334,4.800624607684782
21,"[0.07856001476891243, 0.18034826572532092, 0.2086045751827154, 0.5142310177578302]",2.0,0.9659488191091937,3.871067995289012
22,"[0.4050708440007262, 0.5433747438828098, 0.7904089525601639, 0.8460343195490703]",6.0,0.9220769835531106,4.668114047101841
23,"[0.12298178003616983, 0.5840847057997085, 0.5119490567249014, 0.7449053935851002]",1.0,0.7620184713842949,4.618920148417654
24,"[0.329509462566341, 0.3541827081524731, 0.5524668578370517, 0.5776711248491988]",7.0,0.9254635326452768,3.4990921463601636
25,"[0.4944052222355658, 0.29053164624833755, 0.8789901700748385, 0.5595030607021483]",2.0,0.9458633970445962,2.3662927943672427
26,"[0.4373939767197983, 0.5493506722193852, 0.8286125098948686, 0.7934404985878706]",3.0,0.7061026073403854,2.1036883023096085
27,"[0.04897144453382356, 0.5778133173344345, 0.20168134218543354, 0.7882859437252017]",1.0,0.9312044563426897,4.3758719563701485
28,"[0.5367606599095454, 0.1680429541849526, 0.8250294361242039, 0.41250265415245896]",7.0,0.7877145824423948,1.1005535981251322
29,"[0.22926327101850438, 0.019324414637537733, 0.5145485074454464, 0.16051798863223396]",6.0,0.8179854423201524,1.7246731739639247
30,"[0.5949762233621837, 0.07839952300978177, 0.7244410856770958, 0.2590744265655961]",0.0,0.8773475915453128,4.050823677556345
31,"[0.480958189952978, 0.4543193080643517, 0.7635520400948833, 0.7855725727533233]",6.0,0.9114792332979395,2.7929233912461227
32,"[0.02315341655587719, 0.3810934375043558, 0.30262162453169844, 0.5895332252976672]",7.0,0.9341777153947743,4.098698712545317
33,"[0.09338634721460974, 0.4934408136275249, 0.4161256792530524, 0.6807654653415653]",1.0,0.7211525876051306,2.979171932896877
34,"[0.16889138508818033, 0.2722833279765475, 0.38720113594936456, 0.43333789483216956]",3.0,0.8388195112055457,4.1086308265874045
35,"[0.012308311698193686, 0.4804130470558939, 0.301905718052011, 0.8699352753211864]",0.0,0.8379244559628882,2.236427990997694
36,"[0.37343359678151866, 0.45450048351591466, 0.68102086436026, 0.6275158843769046]",7.0,0.7260929510866052,4.9144505630416635
37,"[0.2823734584664421, 0.49895071778601635, 0.5429612343184276, 0.6424644230271509]",1.0,0.9409283073593712,1.1617901945150546
38,"[0.26550455442803284, 0.1407802075716804, 0.5540296568952991, 0.4320056279661689]",0.0,0.8786119494353261,2.874471807037445
39,"[0.5254194831096894, 0.4835264888359965, 0.6600958520121778, 0.7395291131432671]",7.0,0.884370120200451,4.923048499987052
40,"[0.09030660871926155, 0.3318267784246115, 0.2265861519728352, 0.6961312509228867]",3.0,0.769906441698643,2.951869110301025
41,"[0.3656945446085935, 0.5306566849865536, 0.7608667618424647, 0.7637647669722123]",6.0,0.9396006500758297,4.337292955502406
42,"[0.24855353087665844, 0.21192492771080723, 0.5858207022492783, 0.501370371088868]",7.0,0.9742187186272293,1.464003498916568
5,"[0.1644745985511079, 0.22431920969271313, 0.4465561002827964, 0.4845583296904712]",6.0,0.8711931680862575,2.7719031126296434
6,"[0.05571840620854385, 0.09584259118129283, 0.3274220273950099, 0.21513310427249505]",1.0,0.9097977304902134,1.4363978259425254
7,"[0.13832373712437632, 0.31922981819812696, 0.381902806988717, 0.657238380882079]",2.0,0.7303615727749195,1.4001908052210625
8,"[0.47473715781021775, 0.31214413738477376, 0.6378440879447391, 0.5245657414936054]",2.0,0.7736617305217763,3.4444383101348506
9,"[0.1244808649002942, 0.4132633032270548, 0.47123853008742134, 0.6012787391297636]",1.0,0.9626905374658593,4.08156424334239
10,"[0.40558133175279626, 0.029344027169451878, 0.5260024413899203, 0.42712783328469334]",2.0,0.8522443781088582,3.482536684614839
11,"[0.28323244568219186, 0.08740790415530283, 0.4594377399631716, 0.4641766184623315]",7.0,0.9813492398253748,4.533101481586708
12,"[0.5662171200781524, 0.4932947695686942, 0.6843142902521339, 0.838926719571467]",2.0,0.7042598843366087,3.4145625625390323
13,"[0.4770493915972323, 0.2415234645704539, 0.8603542065143781, 0.4934013226564039]",1.0,0.7901143840804894,2.534438354720103
14,"[9.514371523473563e-05, 0.08268864840307977, 0.23033304643049463, 0.32199942746765386]",7.0,0.9060986048587435,3.1429895784221236
15,"[0.3212357817948853, 0.006970442585406155, 0.5941518705998766, 0.26192214660638496]",6.0,0.9705688122103089,4.743012268985676
16,"[0.4083169243258978, 0.07728321022933438, 0.7759830569882098, 0.23200226818604536]",0.0,0.9115186213409562,1.2968364369018477
17,"[0.2214869559061629, 0.49222363783176687, 0.5064812720099945, 0.8864630147832235]",1.0,0.88398327025619,3.9908906813371345
18,"[0.07183827691162649, 0.5639643835498022, 0.35997566229599853, 0.8725145915225504]",0.0,0.7343116259204109,1.8721744165590493
19,"[0.14838357750027673, 0.5243443114357498, 0.3740616801310802, 0.6320424783573972]",3.0,0.9141338661350478,1.0984373659301485
20,"[0.3935653149973224, 0.4316599494914265, 0.7209107979422196, 0.6270008893316843]",6.0,0.7417904080206913,4.068233634203232
21,"[0.0842608467075386, 0.017097600235561682, 0.4385067056275161, 0.16515726937218136]",3.0,0.8718776487188108,3.2206393212850513
22,"[0.23653580612259995, 0.2345485266064565, 0.5131219946645108, 0.50418751607823]",6.0,0.7149209562686589,3.16739879711541
23,"[0.5190387721839601, 0.14097215138009725, 0.8065330704334934, 0.4321894509284432]",6.0,0.7720918697680608,4.4589881625207255
0,"[0.511218478518459, 0.4179311762327483, 0.6190412269512493, 0.6175443911002253]",2.0,0.7071974335903884,3.5308588020847687
1,"[0.1800240993381185, 0.3045182456892152, 0.30183057405732955, 0.48624213901357927]",6.0,0.9120956915090257,2.6902432590384877
2,"[0.37976348108254593, 0.4291377366166713, 0.6855198160758795, 0.6739447230777789]",1.0,0.7422161910309513,1.7598413079478963
3,"[0.44079151205937234, 0.3062844970036639, 0.6162703769978497, 0.63329846090319]",3.0,0.7188008207570801,2.5805394776470174
4,"[0.09942514323110564, 0.3567262877166062, 0.41110456292126535, 0.6834144102798533]",2.0,0.9120642387270349,4.612658670667985
5,"[0.568878491819031, 0.33609427381097384, 0.9599343696312967, 0.4799586322264938]",1.0,0.89323167892784,2.8633933559255706
6,"[0.10516442357440133, 0.1782933116400556, 0.3712270839209873, 0.44888285150707785]",1.0,0.8859506753566755,2.664097356685173
7,"[0.02072002523088483, 0.4535969086472596, 0.32626432894561785, 0.836539723455269]",0.0,0.8566899420528141,4.97784609477982
8,"[0.5413012088868975, 0.2559003666538801, 0.853096061194578, 0.38430251322362774]",6.0,0.8267108092431048,4.136497773217582
9,"[0.3462457507850954, 0.3982487123141659, 0.49680475663321727, 0.6227912394787622]",1.0,0.9992445114306288,4.072134075058051
10,"[0.21193423605150313, 0.42266513702578873, 0.5629229001554912, 0.6428109245368274]",1.0,0.9310037551029431,1.8798317677726821
11,"[0.19019035866041287, 0.15499687494967326, 0.30079620718598554, 0.25659994377178913]",1.0,0.8952347429932416,3.326079361101291
12,"[0.157854324568288, 0.5138415223846978, 0.3865824743173258, 0.7393568620226236]",2.0,0.7918544243293415,2.54350319231171
13,"[0.35420062231895383, 0.5221553029193957, 0.6089786123833405, 0.816554839322199]",6.0,0.904312588395604,2.441680734970537
14,"[0.17478975431265034, 0.14277728852546923, 0.40159166136796076, 0.418306119917674]",3.0,0.9047745408307015,4.623330088209784
15,"[0.46151132121768723, 0.379514406213488, 0.5799414437516344, 0.5224287816969442]",1.0,0.8386063139201402,4.95807080036628
16,"[0.19157296539571014, 0.3586483931093224, 0.43325344857121273, 0.7010287026689919]",7.0,0.8742714117557262,1.1086522226899387
17,"[0.35329295866642835, 0.388830489589411, 0.7258323151637736, 0.5003026466025302]",6.0,0.7240762679950233,3.606970227393875
18,"[0.005305519598064357, 0.4277768430763163, 0.3115234933213362, 0.5856364270045312]",0.0,0.9142903886178144,4.925202721031247
19,"[0.26993620028439547, 0.17607807545897797, 0.45399001316251214, 0.502505144402575]",3.0,0.813510353501628,4.588421268244426
20,"[0.04249975544257587, 0.26577079614984567, 0.23182150465434206, 0.6365357880830089]",6.0,0.7222196330757782,2.9354374209710405
21,"[0.4755364255054555, 0.11817670576861236, 0.8290885123604065, 0.33507305171363333]",2.0,0.8900464743016763,4.656426992443713
22,"[0.013024086789441692, 0.5473950278534753, 0.30095966015184994, 0.7536530401666275]",3.0,0.9724884504690388,3.5482917829772216
23,"[0.32314182125313273, 0.20773870793078075, 0.589299489845223, 0.4020368508273682]",3.0,0.7103325050442474,2.5989360214422703
24,"[0.444449676333539, 0.15999183913005469, 0.5641899085733943, 0.49506338823711526]",1.0,0.9145739202306791,4.5892122803176205
25,"[0.034357386034184076, 0.4594195029698978, 0.35912842626228164, 0.671069876640029]",3.0,0.9388378809816211,4.295023212621558
26,"[0.5495860655424276, 0.5311748330034781, 0.7022375773781733, 0.7427829161091495]",0.0,0.7819564050060839,3.430305058766281
27,"[0.07056771713356992, 0.14577182142472878, 0.22434000399622578, 0.45999187090003535]",3.0,0.7861063836563533,1.6894172935727183
28,"[0.12595076100496103, 0.13766992768389133, 0.2409319042389388, 0.4557497151858111]",3.0,0.9383163859285345,2.6500391560401404
29,"[0.24913205103321154, 0.19572118647100215, 0.5330422156322793, 0.3954941843656181]",1.0,0.7007894400480672,4.553582420318041
30,"[0.5489928478148207, 0.06243811448632099, 0.7704531499557621, 0.458779168363885]",2.0,0.8245585466794154,2.647892499557143
31,"[0.22771631342343734, 0.3827555096807556, 0.6000719777573623, 0.5541639308782023]",2.0,0.9060474191378771,2.1154395175360863
32,"[0.4632131059257012, 0.44017046211871075, 0.5936863906374479, 0.8143939657522932]",3.0,0.8902122918858206,4.543265141677752
33,"[0.03317625444794283, 0.5636474637161526, 0.3663791694527929, 0.7347521365069986]",3.0,0.7886479084889925,2.759386523381117
34,"[0.46088425391284843, 0.30112900635491896, 0.7258268507316137, 0.6428179130346159]",0.0,0.8080338519134209,1.8915243327629665
35,"[0.0636186626195658, 0.5496182230590843, 0.19245717483476638, 0.8472056147049023]",7.0,0.9241564735631485,2.311809323319723
36,"[0.5854050062935314, 0.5693554920512686, 0.8828277604912348, 0.9423168054250325]",6.0,0.7714832141356162,1.0168464680872953
37,"[0.2906798100007882, 0.4677921841965116, 0.6052895209142521, 0.6024403345132785]",6.0,0.7463034012458467,4.956804017248835
38,"[0.29396774837117606, 0.3283341893329753, 0.6096396557983923, 0.573282252626107]",0.0,0.8105934650127714,3.0448424452897402
39,"[0.0888279817043101, 0.4199408048932377, 0.35312914822417046, 0.6893945040502367]",0.0,0.8940624302677449,1.9962695634361034
40,"[0.046110431187115, 0.4913412320912313, 0.36696001554107777, 0.6646650367155604]",3.0,0.7531495306159621,2.2566515503872964
41,"[0.18875073156362368, 0.20660704039933522, 0.5102601751982494, 0.5202189165799151]",7.0,0.8026417562509911,4.432514285413507
42,"[0.2520484386504337, 0.1252941687079413, 0.5556775967769221, 0.4244358635874475]",0.0,0.7660585824066163,4.230048594608699
43,"[0.2468959364856182, 0.4985772428531101, 0.45397394691463255, 0.6071497001031558]",2.0,0.8240024747492845,2.6595710916572797
44,"[0.5777929681612418, 0.06626032551466299, 0.8569454144194729, 0.320183371467686]",7.0,0.8493874907190485,1.8998636343494846
45,"[0.3464324057318914, 0.37079431988046235, 0.6025982550083102, 0.47829054471120525]",3.0,0.8817855867471166,3.8179644061388114
46,"[0.3334834399177508, 0.12193796501233031, 0.5317115911134629, 0.3030686289304001]",3.0,0.8418284766661922,3.249724870783822
47,"[0.07767419526922545, 0.31312408543485765, 0.4728972245620414, 0.4996134448273729]",3.0,0.7803002399515756,1.7736988877433189
17,"[0.050726918806417796, 0.09266950534655871, 0.2834597626400462, 0.3349101850349617]",2.0,0.7422563566249754,3.558216927262391
18,"[0.27791655674799226, 0.36739510455812535, 0.43992179402339027, 0.7188241698804034]",6.0,0.7253188200210845,3.002135731629939
19,"[0.23647133010144125, 0.32718680236472025, 0.3874498928903084, 0.7025733046800222]",1.0,0.9681593780331339,2.3571154116512485
20,"[0.14976607985555238, 0.1522777150755451, 0.4675179423506236, 0.3010407344961487]",2.0,0.77262313367252,1.4333323528030069
21,"[0.28961447295521103, 0.239690122462482, 0.43135913366831535, 0.3399758414355949]",0.0,0.8645799978416275,1.538629869832195
22,"[0.054160590310293674, 0.5379077445610128, 0.32801925761246403, 0.7988764166434172]",7.0,0.8849323441244505,1.0907576429842374
23,"[0.3629713439227164, 0.1397701976221756, 0.6638252066595658, 0.41777151699165627]",1.0,0.9187283069726024,2.411760738492809
24,"[0.2826365497901876, 0.4298771731649036, 0.45039948418941467, 0.7970458842912491]",6.0,0.8495491611924114,1.4869090748392635
25,"[0.319519527386554, 0.566270186180202, 0.5861219002160116, 0.7318235115874561]",7.0,0.7414178915133169,3.7587441745393666
26,"[0.1290147013413099, 0.5516786779456463, 0.2774237744024983, 0.7543620192732094]",7.0,0.8804030308512492,4.517079234685028
27,"[0.20214710888648404, 0.5507425148638925, 0.5273296766503895, 0.7481330258886011]",6.0,0.9311478372323777,2.867127439496856
28,"[0.05334420879027128, 0.5237457697569675, 0.26719026444647154, 0.8316217328255742]",1.0,0.9094141846740209,3.564680858958359
29,"[0.38189391896882213, 0.390654766049251, 0.774865420862864, 0.567889466996829]",0.0,0.8272174539072963,3.7585154466359723
30,"[0.10348804550747823, 0.10588842531100932, 0.41359372903255975, 0.24469065169229504]",6.0,0.8493998879117146,3.4966915349219314
31,"[0.02908156305629925, 0.32499936308778854, 0.2358894783212529, 0.6507801529690407]",7.0,0.9755310110496037,1.7795392478868175
32,"[0.597855271185274, 0.0034739614387416574, 0.8875370573592376, 0.20893328070421044]",0.0,0.9591491618031156,4.48521164575596
33,"[0.17942058123496818, 0.5915699501030338, 0.31402326476971193, 0.801870641990556]",0.0,0.8707518182129386,1.545104828612144
34,"[0.3357166342521468, 0.14684895138538706, 0.735551074708993, 0.2762554426509187]",0.0,0.7403280930324189,1.5784014333316512
35,"[0.1716538718247628, 0.020927671670014213, 0.31188574457999163, 0.24528889727757416]",3.0,0.9650850226394363,2.335406969717061
36,"[0.09561964336302384, 0.47381928182396243, 0.4808634886226656, 0.7808703748616332]",7.0,0.7478363381400459,4.176827080168513
37,"[0.23563142227071376, 0.5043867989887821, 0.41700895300851093, 0.6868389687562032]",2.0,0.8578001897876881,4.035434928673212
38,"[0.2178704557450514, 0.3869111885377789, 0.32602097911681494, 0.6145732211381993]",2.0,0.7195168485790198,1.4218470436167112
39,"[0.15570641000397004, 0.2326074757601432, 0.44098951887355287, 0.6196785050232384]",2.0,0.9671778688453945,4.378637968258548
40,"[0.17229108139756683, 0.2467427249529426, 0.5257481638310288, 0.491378346644897]",3.0,0.9321488322511146,3.6993562266067457
41,"[0.36384012787819686, 0.4030010018645473, 0.5657602636364221, 0.7459130844878938]",3.0,0.8690522741796372,3.9112562283936674
0,"[0.5783125337599475, 0.08444184511871557, 0.8005547838153595, 0.2683187939599187]",7.0,0.7692929615708894,2.0584938500843504
1,"[0.5567455006607825, 0.124479647342997, 0.9184363881682571, 0.29515225860196964]",2.0,0.7651285511782989,4.982139167791369
2,"[0.3631716574928215, 0.543371408766356, 0.6301472795639287, 0.8569650643933089]",7.0,0.9979235494528458,1.9019622018867832
3,"[0.3328664005256731, 0.2839659522609293, 0.4601886250522953, 0.4299137778081212]",2.0,0.7007126687225518,2.258243805978482
4,"[0.4355586354634983, 0.3611895882275131, 0.8097030700767016, 0.6933522234508025]",1.0,0.8178827454052067,2.9942047589215326
5,"[0.20657991105805076, 0.4873753601898818, 0.4080088035865767, 0.7102665371551683]",0.0,0.7834330855775261,4.6241971248905465
6,"[0.17110486901087488, 0.1608779924842663, 0.3769284924815911, 0.5375122074049724]",7.0,0.7207209421677755,2.498292178031617
7,"[0.5148255968491557, 0.3200156970418511, 0.7761812239047343, 0.5593910545486751]",1.0,0.9237153388554623,3.5493205075526957
8,"[0.33644733270745225, 0.30657602711449666, 0.4962044176234158, 0.47672424255744134]",2.0,0.8605214216055695,1.0923765226106745
9,"[0.2863103023716753, 0.2963642328915448, 0.45959521455227037, 0.5190154882078364]",1.0,0.7224164602707789,1.0300485752529949
10,"[0.5190266329842316, 0.4573544105936891, 0.6231744002451631, 0.8237445640980715]",7.0,0.727669454429369,4.081553748880047
11,"[0.04902776327030667, 0.2423151207936025, 0.22440494710853948, 0.36894289777425265]",2.0,0.705759083143901,1.2518225534261163
12,"[0.27187279728519925, 0.09157348504144387, 0.5795614104681637, 0.34058962326874104]",0.0,0.8782960955940158,1.229167855200728
13,"[0.4679818569844991, 0.5260907195380642, 0.7655624295866043, 0.8662259231022408]",1.0,0.7522758798606997,2.6695134944337013
14,"[0.2754468828362532, 0.5066798249875597, 0.4480221112069105, 0.8109880212676213]",1.0,0.912743978208694,2.416698510136776
15,"[0.46327032971080756, 0.09883674439732053, 0.6307102399869072, 0.2524942956371442]",7.0,0.7344603136437734,3.646764111478017
16,"[0.06265290270551445, 0.17172685233424223, 0.20897472378199317, 0.5618273973886145]",1.0,0.7830057930316247,4.143007665800482
17,"[0.0316759684248795, 0.01606909091493274, 0.2796802658816643, 0.25123137565706866]",2.0,0.9574334024353377,4.842652946302872
18,"[0.3502783498700247, 0.05781783439827654, 0.4956540428213485, 0.37520112259026545]",3.0,0.8450924496711992,1.8381980166843024
19,"[0.1605094643832963, 0.20381385303686875, 0.5166547345300881, 0.5342772135804018]",2.0,0.8650734426371737,3.083598461650366
20,"[0.44870427885778, 0.5965507947979061, 0.6268670144876212, 0.9296469009448751]",1.0,0.9339386168638139,2.8811025825297483
21,"[0.43855394349577403, 0.11384378275942228, 0.5674422908613161, 0.3275097068862681]",1.0,0.8042068402760992,1.3720450491771918
22,"[0.1795400592724499, 0.3631251088104707, 0.32441417001945966, 0.7514399910866869]",0.0,0.9059661577262212,3.5525242934702246
23,"[0.21440690992476927, 0.0015863556861340777, 0.6055783915914879, 0.34026842386752876]",6.0,0.8997556988299481,1.3408138333907047
24,"[0.5188426493706104, 0.5899298981640312, 0.6762589296146239, 0.8969130494395784]",1.0,0.9169882569881267,3.6565808865642273
25,"[0.145063485296513, 0.49664185822285883, 0.4537061854839183, 0.6252824269806756]",1.0,0.9420622296646108,3.8342436681996133
26,"[0.4341327223264063, 0.4466715701464076, 0.5671827044793496, 0.5960237525277949]",7.0,0.7506852278305204,3.4088438209104543
27,"[0.023730377994270333, 0.5674197642151256, 0.22522749026350142, 0.865181557727748]",2.0,0.952786243026019,3.454916709057553
28,"[0.14818963947535904, 0.0984520350083202, 0.5010554214243822, 0.29081331668080546]",2.0,0.8038817633342421,1.418872884558098
29,"[0.3112124665759932, 0.1706120631498303, 0.4157041598567622, 0.5031872280268843]",7.0,0.8925837547395232,3.831317384850797
30,"[0.0717055157895566, 0.06535263837244851, 0.34313275057830694, 0.22123146790588896]",6.0,0.9576959472489747,1.3569236655437225
31,"[0.31697785032911263, 0.49800498206888794, 0.5794487481725599, 0.8667390274626201]",6.0,0.8582483075075941,3.6250661687105126
32,"[0.003960245441927545, 0.5124323612385587, 0.29609563864029215, 0.7006963758743063]",0.0,0.8554232072401344,2.0604339177313387
33,"[0.2549081129997003, 0.2820404859409659, 0.5140247697546739, 0.4912046470376739]",1.0,0.8242553712415289,3.505437443571075
34,"[0.4616655553748571, 0.45918252140900184, 0.7822610520833637, 0.6763685782409201]",7.0,0.7417947884413902,2.924086143368026
35,"[0.1883548680372424, 0.4435236812228921, 0.3664157609728753, 0.6251476228346766]",1.0,0.9389555804591643,4.074429143715808
36,"[0.09373078065310529, 0.2334784619859079, 0.49171162380727035, 0.5485257429015579]",2.0,0.9527128220171361,3.305549498462352
37,"[0.20188258778944326, 0.5025034616908791, 0.46690638650679106, 0.8370472674702827]",1.0,0.8660949369726005,3.4597263523846022
38,"[0.3398290373656542, 0.04696521790012107, 0.4871005759323081, 0.2683486803164575]",7.0,0.9978312966563607,4.118749064846367
39,"[0.3548934664700007, 0.5634025237661606, 0.5843758991624217, 0.6992304037757304]",0.0,0.9923414342273633,1.7130325428584827
40,"[0.5368853001136346, 0.40091526505635106, 0.8551041458341655, 0.773412239571112]",6.0,0.9759806025239729,1.3647688006751486
41,"[0.17937494101476523, 0.07892906175169365, 0.43915233167136525, 0.23011972039908793]",3.0,0.7339206691544408,3.654474041749892
42,"[0.2949302763694341, 0.38882204941184245, 0.47038649355216994, 0.6168111828614052]",0.0,0.9645763980369384,2.9620172114635634
43,"[0.22113116983975747, 0.40609430735644275, 0.4330365373515721, 0.554665651438959]",2.0,0.9349556520490001,3.861005155143868
44,"[0.21039267245576157, 0.5294430797028012, 0.31276361718020407, 0.7669665422772498]",0.0,0.9379737178574559,4.38820551380779
45,"[0.45171322545555226, 0.4424827966026053, 0.7067385621279771, 0.7401007476983479]",0.0,0.9402616319707443,4.361552167774055
46,"[0.5954434411760593, 0.5923270536641901, 0.9252411807291194, 0.9347116933816398]",6.0,0.9001011518336041,1.315944153067046
47,"[0.3445578359850023, 0.02071974206595126, 0.4538660841865366, 0.24452204194418833]",2.0,0.8974909203488979,4.641087479302076
31,"[0.5996674169634996, 0.2784496019569088, 0.9635257664066716, 0.4309149420506281]",7.0,0.7903327632453713,1.8499904882679048
32,"[0.11584150467954085, 0.2676369564799951, 0.2862681077414087, 0.5045293975717364]",6.0,0.8729722822299227,2.4724762034013588
33,"[0.050921280640115404, 0.569488188985662, 0.27577133981652113, 0.8593378818817388]",2.0,0.9625297897797406,4.748649872305773
34,"[0.18811201154072457, 0.19757608434642784, 0.5749541454976729, 0.4438894992282497]",1.0,0.7172000453268121,1.539314583450719
35,"[0.3966431888294567, 0.3320552917864471, 0.7954140741295012, 0.7092851833422132]",6.0,0.7820508461284073,3.389439419936697
36,"[0.005073508227607992, 0.5405705027712565, 0.40088778428613425, 0.6797507663436766]",7.0,0.8803751433479842,4.108906119118028
37,"[0.5335031834095875, 0.2897419919283996, 0.719424859920837, 0.4424660230861872]",6.0,0.7217460678990224,2.5878593432632715
38,"[0.3514611434493085, 0.02961251574349952, 0.6152670627523995, 0.24647882623952036]",6.0,0.8785511161037861,1.2127065896958626
39,"[0.1809708433342109, 0.18513717507612862, 0.3558285842317648, 0.43201894359499093]",3.0,0.7237185302028146,4.337623058133086
40,"[0.37939912182499863, 0.07571775642694811, 0.7786478928953564, 0.3518731101110398]",3.0,0.8786835234494687,2.5880084313844405
41,"[0.1158212823654384, 0.26210920597761245, 0.3029196338571941, 0.4147927972397891]",1.0,0.8490245501317346,1.5871397639416083
42,"[0.5797241746584154, 0.23463673717117273, 0.9761939895825194, 0.5764828384380328]",2.0,0.7455875157216237,3.230620830315128
43,"[0.5987706791686546, 0.28867792628157674, 0.9459806803160817, 0.6790281207573001]",1.0,0.9504854829386851,1.1308717418401408
44,"[0.19408998356426935, 0.42361624738882214, 0.3024143071038545, 0.7399304338030307]",3.0,0.7476613246762612,4.086726798892705
45,"[0.1968042024717808, 0.009702773650280517, 0.31267684100119175, 0.15966196380649292]",2.0,0.9814761549725953,1.9136722703783324
25,"[0.10493989499681634, 0.0676830884591477, 0.47247292240927286, 0.457113970802396]",2.0,0.9864586427427905,3.7988000008540963
26,"[0.499782808677335, 0.29654859207179146, 0.848923786461691, 0.43160299823420384]",6.0,0.8529087918585676,2.3477905758207065
27,"[0.36171750427414456, 0.5820864173318485, 0.5792747235906796, 0.9561465661722314]",0.0,0.8540652906231896,2.630078369794303
28,"[0.1427574468133054, 0.09558201611765475, 0.41114969664917234, 0.4022418574710796]",3.0,0.7268688790544365,3.8880259383173117
29,"[0.4416753358248762, 0.2537783847138575, 0.5925846486383732, 0.3976290054986715]",7.0,0.9626943618724217,3.3942273175283946
30,"[0.32382745758084425, 0.17556367482755084, 0.44103052266092324, 0.49144746276807294]",1.0,0.9677588966333787,1.1811140029547786
31,"[0.07307325830612625, 0.017178391243537792, 0.414079157051116, 0.18725439122271445]",6.0,0.7719928411995274,1.2712183362267693
32,"[0.580058593281132, 0.34839734695342633, 0.866476994838852, 0.6286384559526668]",0.0,0.7742075466477624,1.4539107055905898
33,"[0.00010638510372640297, 0.4782662958106882, 0.3578517087918034, 0.6777114368557459]",1.0,0.7783949634054064,4.7019330715933965
34,"[0.5618704421797008, 0.19037616533632382, 0.8709444679616192, 0.4601597773518106]",2.0,0.9355364600431089,2.8987440253384986
35,"[0.43759874117540226, 0.4237951481380296, 0.7107021453110138, 0.7778228868790587]",7.0,0.9963772054987441,2.398350688268809
36,"[0.34480827766710853, 0.3022823927659753, 0.5557268776753017, 0.5537758674118869]",2.0,0.936571087149901,1.358140348076625
37,"[0.16335699762684777, 0.26292341072730036, 0.3822691384599801, 0.47523299158674537]",2.0,0.8105209507474305,2.778730600651018
38,"[0.15409473769649293, 0.5592888607912732, 0.3107266440175309, 0.831046037170541]",7.0,0.7972518824045772,4.217671784925504
39,"[0.20435738318105015, 0.5410349204100586, 0.4786084115449132, 0.924982668569068]",7.0,0.7876309062754749,3.9008818845038666
