0,[0.59859276 0.37859687 0.68978465 0.7669264 ],5.0,0.48542237,0.13882160186767578
0,[0.10902485 0.35008776 0.3219914  0.54482526],7.0,0.77358323,0.13882160186767578
0,[0.51034594 0.3325016  0.6016269  0.4636622 ],7.0,0.71022344,0.13882160186767578
0,[0.31759685 0.30514807 0.58333635 0.7522966 ],9.0,0.9114968,0.13882160186767578
0,[0.5360513 0.907131  0.8787098 1.001298 ],9.0,0.33120728,0.13882160186767578
1,[0.31172684 0.29471374 0.55839926 0.7276845 ],5.0,0.9400321,0.13400506973266602
1,[0.0945701  0.35268572 0.3245819  0.5495111 ],7.0,0.85568285,0.13400506973266602
1,[0.7240565  0.51694375 0.88349104 0.6258053 ],20.0,0.32490802,0.13400506973266602
2,[0.29219067 0.2953253  0.5678006  0.73740256],5.0,0.42932707,0.13770556449890137
2,[0.10692154 0.35665032 0.31837028 0.5419427 ],7.0,0.96262074,0.13770556449890137
2,[0.22422905 0.36381337 0.31531474 0.5274654 ],7.0,0.31843454,0.13770556449890137
2,[0.3066591  0.30883017 0.5583671  0.78535974],9.0,0.4876651,0.13770556449890137
2,[0.72281814 0.5218456  0.87179315 0.6236918 ],20.0,0.47914493,0.13770556449890137
3,[0.31433138 0.3010803  0.55043507 0.74575204],5.0,0.77199745,0.11851763725280762
3,[0.10524419 0.3585382  0.3231787  0.531461  ],7.0,0.9745335,0.11851763725280762
3,[0.7203919  0.519244   0.8726241  0.62216944],20.0,0.40168586,0.11851763725280762
4,[0.3119498 0.287022  0.5479129 0.8205458],5.0,0.9273486,0.10681605339050293
4,[0.10373794 0.35609698 0.3104058  0.5441647 ],7.0,0.95666045,0.10681605339050293
4,[0.7186004  0.5177319  0.8717048  0.61870265],20.0,0.42328215,0.10681605339050293
5,[0.10537063 0.35639775 0.30696887 0.55246663],7.0,0.91029936,0.1382436752319336
5,[0.5749136  0.37122154 0.6618676  0.7603309 ],15.0,0.3677377,0.1382436752319336
5,[0.71432525 0.51871836 0.87091786 0.61878324],20.0,0.32162762,0.1382436752319336
6,[0.28649405 0.29620552 0.5466999  0.8509879 ],5.0,0.6890179,0.1318364143371582
6,[0.10080656 0.35061562 0.30744505 0.53552985],7.0,0.8941624,0.1318364143371582
7,[0.28645164 0.30167565 0.5424753  0.8237059 ],5.0,0.8371475,0.13446044921875
7,[0.09138782 0.353958   0.30631328 0.53943956],7.0,0.9906783,0.13446044921875
8,[0.28595656 0.29379734 0.5447483  0.8508204 ],5.0,0.6515398,0.13282179832458496
8,[0.09579681 0.3523371  0.3055945  0.54001456],7.0,0.99023926,0.13282179832458496
8,[0.55445665 0.3473091  0.6565191  0.7449596 ],15.0,0.9703315,0.13282179832458496
9,[0.2839786  0.29729053 0.5429146  0.8544947 ],5.0,0.5915597,0.1248471736907959
9,[0.28459555 0.2929874  0.5374034  0.7284649 ],6.0,0.5634114,0.1248471736907959
9,[0.0969708  0.35294166 0.30186385 0.53529525],7.0,0.97892785,0.1248471736907959
9,[0.63006383 0.327276   0.774131   0.41441667],20.0,0.33872303,0.1248471736907959
10,[0.2785202  0.29396507 0.5413451  0.8465843 ],5.0,0.73218113,0.12630653381347656
10,[0.10051578 0.34362155 0.30463803 0.53488797],7.0,0.8225722,0.12630653381347656
10,[0.5375011  0.35186642 0.65375173 0.70881444],15.0,0.7772559,0.12630653381347656
11,[0.2820984 0.3003377 0.5431553 0.8620627],5.0,0.51614815,0.12807202339172363
11,[0.10394476 0.34371522 0.31296098 0.54815024],7.0,0.908066,0.12807202339172363
11,[0.5466     0.35739574 0.65822196 0.70466447],15.0,0.8028336,0.12807202339172363
12,[0.303621  0.2900396 0.5448213 0.7424175],5.0,0.5438264,0.11662650108337402
12,[0.10430368 0.35023296 0.3130804  0.5507059 ],7.0,0.9925741,0.11662650108337402
12,[0.54861647 0.35580543 0.6568863  0.69481015],15.0,0.71421194,0.11662650108337402
13,[0.29198527 0.29139286 0.5413936  0.8389196 ],5.0,0.77808535,0.11501741409301758
13,[0.10603251 0.35044807 0.30940872 0.54452336],7.0,0.9883124,0.11501741409301758
14,[0.11181653 0.3440305  0.3098784  0.54341644],7.0,0.9786162,0.1256856918334961
14,[0.547172   0.3535819  0.65531033 0.69081473],15.0,0.84577405,0.1256856918334961
14,[0.62469465 0.32427385 0.7610133  0.4091892 ],20.0,0.40787193,0.1256856918334961
15,[0.28629017 0.29002044 0.5395498  0.8519    ],5.0,0.700379,0.12527251243591309
15,[0.11280674 0.35145256 0.31333488 0.5567527 ],7.0,0.92960256,0.12527251243591309
16,[0.2928473  0.28537172 0.54175574 0.8460035 ],5.0,0.68019104,0.13324522972106934
16,[0.11275648 0.35107443 0.32551336 0.5498979 ],7.0,0.990317,0.13324522972106934
17,[0.2861364  0.28767836 0.5384336  0.823715  ],5.0,0.7762718,0.1250901222229004
17,[0.11153194 0.35327017 0.32581282 0.5542564 ],7.0,0.97635525,0.1250901222229004
17,[0.5500406  0.34474087 0.6528318  0.69026303],15.0,0.8488477,0.1250901222229004
18,[0.2919743  0.2897384  0.5403191  0.81359196],5.0,0.8884008,0.12060976028442383
18,[0.11358353 0.3570951  0.3153888  0.559971  ],7.0,0.9976942,0.12060976028442383
19,[0.2876921 0.2830522 0.5339995 0.7967993],5.0,0.8563464,0.12780332565307617
19,[0.11222727 0.3553836  0.3161959  0.55696857],7.0,0.9986785,0.12780332565307617
19,[0.00309581 0.45896477 0.161542   0.8305947 ],9.0,0.47358403,0.12780332565307617
19,[0.5467171  0.32371402 0.65166074 0.6791595 ],15.0,0.85929525,0.12780332565307617
20,[0.08374481 0.3548851  0.31033868 0.55899113],7.0,0.9640776,0.12249302864074707
20,[0.54325116 0.32044682 0.6563679  0.6620753 ],15.0,0.62263274,0.12249302864074707
21,[0.10519806 0.34883964 0.29516122 0.5497005 ],7.0,0.91530484,0.13306713104248047
21,[0.2900951  0.28961748 0.5392033  0.7898056 ],9.0,0.7954203,0.13306713104248047
21,[0.6441823 0.6707258 1.089308  1.1154054],9.0,0.30348876,0.13306713104248047
22,[0.11799999 0.34855056 0.29184014 0.5512428 ],7.0,0.91207725,0.1332390308380127
22,[0.27970305 0.2721902  0.56025445 0.73010945],14.0,0.33006352,0.1332390308380127
22,[0.5395497  0.30770004 0.64680123 0.6361086 ],15.0,0.42417452,0.1332390308380127
23,[0.11393233 0.34483796 0.312976   0.53093386],7.0,0.87695056,0.1188960075378418
23,[0.28569186 0.27837476 0.526019   0.8187455 ],9.0,0.3108852,0.1188960075378418
23,[0.5364032  0.3043084  0.6488372  0.64473385],15.0,0.6697597,0.1188960075378418
24,[0.11687572 0.34793293 0.29889458 0.5529335 ],7.0,0.7335385,0.1286780834197998
25,[0.12240262 0.3411724  0.31646204 0.52343255],7.0,0.9793885,0.1257319450378418
25,[0.20484436 0.3237754  0.31916004 0.45023507],7.0,0.4179017,0.1257319450378418
25,[0.5389927  0.30832988 0.6469477  0.6430844 ],15.0,0.9328469,0.1257319450378418
26,[0.13234216 0.33988202 0.30191278 0.5269279 ],7.0,0.7387727,0.11796283721923828
26,[0.21586475 0.3203499  0.3241653  0.44593313],7.0,0.37528545,0.11796283721923828
26,[0.3513303  0.7451993  0.90285957 1.0891068 ],8.0,0.3503945,0.11796283721923828
26,[0.3513303  0.7451993  0.90285957 1.0891068 ],9.0,0.38006535,0.11796283721923828
26,[0.24039379 0.6852092  0.7299892  1.0004072 ],9.0,0.35200492,0.11796283721923828
26,[0.29174435 0.27224255 0.54643893 0.7309158 ],14.0,0.32698795,0.11796283721923828
27,[0.13547754 0.33430865 0.30787683 0.52176636],7.0,0.97829515,0.12620854377746582
27,[0.21199372 0.3154477  0.3211361  0.45059353],7.0,0.46758223,0.12620854377746582
27,[0.28618538 0.69244146 0.7037091  0.99842227],9.0,0.8402117,0.12620854377746582
27,[0.36839747 0.7373161  0.84278655 1.0826317 ],9.0,0.64927036,0.12620854377746582
27,[0.5385779  0.2682966  0.65326154 0.628132  ],15.0,0.8507103,0.12620854377746582
28,[0.13512784 0.3353764  0.30644622 0.52289855],7.0,0.9628796,0.12593698501586914
28,[0.21185483 0.31971145 0.32019985 0.44282162],7.0,0.30663362,0.12593698501586914
28,[0.2369351  0.6854341  0.68455535 1.0078479 ],8.0,0.45582125,0.12593698501586914
28,[0.33819902 0.7522377  0.78850114 1.0686203 ],8.0,0.45314023,0.12593698501586914
28,[0.2394192  0.6937411  0.69335943 0.9980184 ],9.0,0.6852389,0.12593698501586914
28,[0.54349625 0.25417316 0.65455115 0.62463707],15.0,0.41856068,0.12593698501586914
29,[0.3054003 0.2568996 0.5359493 0.7298367],5.0,0.8110068,0.11809992790222168
29,[0.1397129  0.33493218 0.31207407 0.5155283 ],7.0,0.7750727,0.11809992790222168
29,[0.20827317 0.31629813 0.32435554 0.44700348],7.0,0.40157372,0.11809992790222168
29,[0.37413108 0.7501661  0.8661405  1.073915  ],9.0,0.4522017,0.11809992790222168
29,[0.2896913 0.6761128 0.7046665 0.9930024],9.0,0.3539512,0.11809992790222168
30,[0.14368877 0.334685   0.3267439  0.53061897],7.0,0.67953956,0.13541293144226074
30,[0.34722525 0.68184    0.8559993  1.084166  ],9.0,0.63792586,0.13541293144226074
31,[0.14951435 0.32949075 0.31394386 0.52646375],7.0,0.4517423,0.12223577499389648
31,[0.35972375 0.7135465  0.7637145  1.0865262 ],9.0,0.5588175,0.12223577499389648
31,[0.27584416 0.6716025  0.63478446 0.99353576],9.0,0.38096073,0.12223577499389648
32,[0.54567325 0.23054968 0.6560974  0.6069961 ],5.0,0.4403996,0.12611031532287598
32,[0.14872086 0.3385244  0.3252166  0.5199973 ],7.0,0.72920984,0.12611031532287598
33,[0.14995852 0.33198634 0.3305253  0.5236864 ],7.0,0.8930649,0.12446212768554688
33,[0.38260877 0.685796   0.8349545  1.0709205 ],9.0,0.7387706,0.12446212768554688
33,[0.3036091  0.63988423 0.69577706 0.9959569 ],9.0,0.56347954,0.12446212768554688
34,[0.15140697 0.3320009  0.3342209  0.524198  ],7.0,0.9359571,0.11129403114318848
35,[0.3112189  0.25699326 0.5380141  0.7584226 ],5.0,0.72089756,0.1185922622680664
35,[0.15484107 0.33798552 0.31712413 0.532937  ],7.0,0.87702936,0.1185922622680664
38,[0.5492964  0.2422488  0.66656864 0.6128477 ],15.0,0.34285447,0.12216663360595703
39,[0.29579172 0.29856625 0.5908035  0.8147068 ],9.0,0.34666058,0.12731051445007324
40,[0.16486984 0.35556626 0.32153228 0.5402601 ],7.0,0.8483024,0.12167048454284668
40,[0.30723792 0.2895865  0.5577869  0.76776385],9.0,0.4115542,0.12167048454284668
41,[0.17046654 0.366592   0.31106454 0.55937093],7.0,0.62656397,0.12891268730163574
41,[0.5428411  0.27970642 0.6558548  0.6148986 ],15.0,0.66786516,0.12891268730163574
42,[0.16778648 0.37128887 0.31784546 0.5570252 ],6.0,0.81659234,0.13277935981750488
42,[0.54376686 0.28596136 0.64926255 0.6204572 ],15.0,0.5281527,0.13277935981750488
43,[0.17047325 0.37062234 0.31778243 0.5606229 ],6.0,0.4122467,0.11899447441101074
43,[0.16888031 0.36969498 0.31319425 0.5575856 ],7.0,0.516646,0.11899447441101074
43,[0.5389298  0.2779016  0.65012217 0.6169218 ],15.0,0.4822017,0.11899447441101074
44,[0.16917157 0.37983894 0.31414184 0.57035387],6.0,0.9292155,0.12746405601501465
44,[0.1547124  0.37488198 0.28718877 0.5462229 ],7.0,0.33239055,0.12746405601501465
44,[0.5440262  0.29066205 0.6454651  0.62513834],15.0,0.66615665,0.12746405601501465
45,[0.164094   0.38746107 0.32206312 0.57503736],7.0,0.92711234,0.12943243980407715
46,[0.16176477 0.39173567 0.33275035 0.5777608 ],7.0,0.98935914,0.13492679595947266
47,[0.1732361  0.39669126 0.3141759  0.57800573],7.0,0.93355936,0.1298811435699463
48,[0.16868687 0.39586076 0.3232649  0.5793608 ],7.0,0.96784836,0.12451887130737305
48,[0.5517205  0.34606504 0.64574146 0.63165903],15.0,0.36217707,0.12451887130737305
48,[0.7078247  0.6882827  0.86790335 0.78599286],20.0,0.37292525,0.12451887130737305
49,[0.172714   0.39269742 0.3161534  0.57695866],7.0,0.96890444,0.1191253662109375
49,[0.55298305 0.3513527  0.65353024 0.6282166 ],15.0,0.30511564,0.1191253662109375
50,[0.1722199  0.381472   0.30255258 0.56439155],7.0,0.9211589,0.13280105590820312
50,[0.0258814  0.42197332 0.22296962 0.7005458 ],7.0,0.3011254,0.13280105590820312
51,[0.17830777 0.38473418 0.30456206 0.5623098 ],7.0,0.9678601,0.11735177040100098
51,[0.0246003  0.42818904 0.2251432  0.6959746 ],7.0,0.6013458,0.11735177040100098
52,[0.18423334 0.38587657 0.30617303 0.5648434 ],7.0,0.9874817,0.11767792701721191
52,[0.03004111 0.42971438 0.22974534 0.69840306],7.0,0.33016047,0.11767792701721191
53,[0.1882169  0.38604653 0.30979905 0.56211835],7.0,0.9167284,0.13357758522033691
54,[0.18818742 0.38835582 0.30827212 0.5628799 ],7.0,0.9473479,0.12417483329772949
54,[0.03178924 0.4247005  0.23083138 0.699785  ],7.0,0.4426219,0.12417483329772949
55,[0.3214739  0.37556732 0.54855096 0.8254812 ],5.0,0.45202744,0.1284782886505127
55,[0.19017184 0.38688242 0.3137614  0.56037354],7.0,0.9362927,0.1284782886505127
55,[0.02710231 0.42579776 0.23198922 0.6867226 ],7.0,0.52512234,0.1284782886505127
55,[0.0215859  0.42439228 0.22623271 0.69191915],9.0,0.5371442,0.1284782886505127
56,[0.31591982 0.35984445 0.5477004  0.83669007],5.0,0.76891226,0.11944150924682617
56,[0.1900163  0.3861586  0.31534836 0.5576944 ],7.0,0.86208344,0.11944150924682617
57,[0.31949055 0.37038708 0.54909295 0.8518264 ],5.0,0.8769273,0.12131643295288086
57,[0.19227171 0.38279688 0.31625116 0.53985983],7.0,0.92692506,0.12131643295288086
57,[0.0422158  0.42247212 0.24241331 0.6786436 ],7.0,0.3195742,0.12131643295288086
58,[0.04199502 0.42270806 0.23670182 0.67454743],5.0,0.32767293,0.1134181022644043
58,[0.19758447 0.38585377 0.3176154  0.5412637 ],7.0,0.97109365,0.1134181022644043
58,[0.04773033 0.42580444 0.24340153 0.669848  ],7.0,0.901317,0.1134181022644043
59,[0.19845623 0.38458237 0.31783354 0.54227805],7.0,0.9792032,0.13548541069030762
59,[0.05206332 0.42588067 0.24501589 0.6734055 ],7.0,0.53351635,0.13548541069030762
60,[0.29705206 0.35425153 0.5410302  0.8770503 ],5.0,0.71246046,0.13265204429626465
60,[0.20067441 0.38502523 0.3210141  0.5309431 ],7.0,0.9865991,0.13265204429626465
60,[0.06157532 0.42264274 0.2449615  0.6637708 ],7.0,0.74798304,0.13265204429626465
61,[0.20217736 0.38360092 0.32475016 0.5355716 ],7.0,0.97297406,0.1077566146850586
61,[0.06999873 0.42162195 0.24737771 0.6712887 ],7.0,0.41741917,0.1077566146850586
62,[0.20421642 0.38075325 0.33061272 0.53385556],7.0,0.9760585,0.12422966957092285
62,[0.07223443 0.42198265 0.25285685 0.66609645],7.0,0.7754279,0.12422966957092285
63,[0.20708263 0.3760608  0.3279493  0.53200084],7.0,0.99395615,0.1277930736541748
63,[0.06982749 0.41938886 0.25522405 0.65918374],7.0,0.89452255,0.1277930736541748
64,[0.20687781 0.3773206  0.32859144 0.53031015],7.0,0.9842833,0.12880468368530273
64,[0.06709646 0.41839036 0.25555268 0.66298753],7.0,0.9404022,0.12880468368530273
65,[0.07310747 0.41721234 0.25436947 0.6558536 ],7.0,0.9848777,0.12145328521728516
65,[0.20769465 0.3753487  0.3307311  0.53061604],7.0,0.9461556,0.12145328521728516
66,[0.20624349 0.37390405 0.32436374 0.5302503 ],7.0,0.99153745,0.1310122013092041
66,[0.07206163 0.4167176  0.25273937 0.64292055],7.0,0.98061556,0.1310122013092041
67,[0.20597462 0.37687257 0.32086927 0.5286247 ],7.0,0.99528617,0.13053441047668457
67,[0.06660457 0.40962347 0.23908524 0.64462006],7.0,0.3422999,0.13053441047668457
67,[0.06742405 0.42104682 0.23982003 0.64968425],9.0,0.9283252,0.13053441047668457
68,[0.6337323 0.3690506 0.8384937 0.7906096],6.0,0.67489135,0.12159967422485352
68,[0.20241313 0.36917922 0.31698614 0.51814836],7.0,0.99421364,0.12159967422485352
68,[0.06144533 0.41334623 0.2414661  0.6417467 ],7.0,0.84478444,0.12159967422485352
69,[0.6399574  0.37108982 0.84398174 0.7659162 ],6.0,0.4274536,0.12764739990234375
69,[0.06564925 0.41224727 0.24250686 0.6421379 ],7.0,0.98827785,0.12764739990234375
69,[0.20202443 0.36938867 0.31878808 0.5224985 ],7.0,0.98157537,0.12764739990234375
69,[0.47579092 0.32029456 0.6775364  0.5837101 ],7.0,0.37181965,0.12764739990234375
69,[0.46852282 0.31163168 0.6773183  0.559075  ],8.0,0.65099305,0.12764739990234375
70,[0.06634761 0.4010235  0.23681422 0.6409868 ],5.0,0.45525065,0.12273406982421875
70,[0.30517346 0.62855095 0.4009254  0.7990292 ],5.0,0.37562218,0.12273406982421875
70,[0.61799395 0.34461528 0.84269893 0.8045308 ],5.0,0.3260655,0.12273406982421875
70,[0.19844615 0.36849046 0.31197762 0.5062903 ],7.0,0.94903845,0.12273406982421875
71,[0.6152331  0.0894461  1.0839156  0.64346135],3.0,0.52067304,0.12952303886413574
71,[0.04701512 0.39047948 0.21845208 0.6465932 ],5.0,0.4980258,0.12952303886413574
71,[0.18805388 0.36049783 0.30030888 0.5004621 ],7.0,0.9926593,0.12952303886413574
71,[0.62488365 0.37022752 0.8173702  0.7547092 ],7.0,0.4706442,0.12952303886413574
71,[0.04817476 0.3896042  0.22620517 0.6393119 ],7.0,0.33384573,0.12952303886413574
71,[0.0508714  0.39686233 0.22600058 0.6309493 ],9.0,0.443726,0.12952303886413574
71,[0.53106445 0.30929214 0.65026647 0.5572965 ],15.0,0.46720108,0.12952303886413574
72,[0.59068227 0.09388867 1.0773733  0.6307739 ],3.0,0.6430871,0.13279485702514648
72,[0.04112815 0.37476927 0.21846354 0.6211931 ],5.0,0.53381795,0.13279485702514648
72,[0.61605936 0.35483494 0.8208292  0.7483171 ],6.0,0.78292966,0.13279485702514648
72,[0.1845094  0.34787267 0.29843137 0.49164003],7.0,0.9799469,0.13279485702514648
72,[0.05041669 0.37462813 0.22744903 0.623971  ],7.0,0.90865654,0.13279485702514648
73,[0.6063966  0.33612907 0.81375784 0.7320368 ],6.0,0.91218543,0.1294550895690918
73,[0.18207727 0.33684516 0.30514216 0.48798668],7.0,0.96329325,0.1294550895690918
73,[0.04496006 0.36445373 0.22565016 0.61255676],7.0,0.926922,0.1294550895690918
74,[0.04173333 0.36654967 0.21545854 0.6118414 ],5.0,0.684755,0.13421010971069336
74,[0.26541513 0.5752308  0.37290764 0.7658958 ],5.0,0.58483267,0.13421010971069336
74,[0.6146078  0.35047328 0.813238   0.74241304],6.0,0.88529354,0.13421010971069336
74,[0.18401295 0.33616954 0.30094153 0.4824    ],7.0,0.874827,0.13421010971069336
74,[0.04648612 0.36717933 0.22244197 0.6130003 ],7.0,0.8329645,0.13421010971069336
74,[0.614773   0.31230623 0.81329376 0.6787376 ],7.0,0.45343664,0.13421010971069336
75,[0.60957533 0.36718756 0.8132234  0.7362289 ],6.0,0.71263087,0.12682652473449707
75,[0.18758771 0.32957092 0.2968901  0.47361377],7.0,0.99231976,0.12682652473449707
75,[0.04553246 0.36176482 0.2274163  0.62090003],7.0,0.62954813,0.12682652473449707
75,[0.51225805 0.30687946 0.5962305  0.5162364 ],7.0,0.46900603,0.12682652473449707
75,[0.864943   0.6831684  1.0141013  0.89631236],8.0,0.7813378,0.12682652473449707
76,[0.04519231 0.34969077 0.21949393 0.5953883 ],5.0,0.3016927,0.13098859786987305
76,[0.6106247 0.3265102 0.80994   0.6448143],6.0,0.5864224,0.13098859786987305
76,[0.18664756 0.32487395 0.29899567 0.46987233],7.0,0.9370284,0.13098859786987305
76,[0.05450778 0.35609174 0.22945431 0.5918148 ],7.0,0.8789032,0.13098859786987305
76,[0.04519231 0.34969077 0.21949393 0.5953883 ],9.0,0.32818088,0.13098859786987305
77,[0.60801715 0.3160051  0.8103042  0.68442225],6.0,0.6833738,0.1320021152496338
77,[0.18491423 0.32158217 0.29911932 0.45892254],7.0,0.9825696,0.1320021152496338
77,[0.04876333 0.35087776 0.22752005 0.58088523],7.0,0.48155338,0.1320021152496338
77,[0.04242575 0.34789792 0.22116166 0.58461106],9.0,0.8703327,0.1320021152496338
77,[0.51153445 0.27651468 0.58369756 0.5087808 ],15.0,0.5795664,0.1320021152496338
78,[0.6131133  0.30845553 0.8071343  0.6562784 ],6.0,0.99065256,0.13370919227600098
78,[0.05348904 0.336267   0.22603965 0.5625479 ],7.0,0.99129885,0.13370919227600098
78,[0.1854809  0.3085044  0.3000601  0.44756287],7.0,0.9582027,0.13370919227600098
78,[0.5064917  0.2725915  0.58742803 0.5034499 ],7.0,0.3572272,0.13370919227600098
79,[0.60458523 0.30246863 0.797455   0.68494284],5.0,0.38559517,0.1327052116394043
79,[0.6119255  0.30314392 0.8062289  0.66969645],6.0,0.906723,0.1327052116394043
79,[0.05060414 0.33363676 0.22894475 0.5643917 ],7.0,0.99734133,0.1327052116394043
79,[0.1837988  0.3078575  0.29837033 0.44856912],7.0,0.8905803,0.1327052116394043
79,[0.5082704 0.2686069 0.584705  0.500846 ],15.0,0.343174,0.1327052116394043
80,[0.59867734 0.29525727 0.7973799  0.69927186],5.0,0.6400176,0.12767887115478516
80,[0.59906226 0.29142684 0.80276746 0.7118427 ],6.0,0.9862446,0.12767887115478516
80,[0.03384492 0.3281956  0.2249862  0.55585885],7.0,0.99080175,0.12767887115478516
80,[0.18189833 0.30963704 0.29500422 0.46748558],7.0,0.89808685,0.12767887115478516
80,[0.50660455 0.25003493 0.5774572  0.49959123],15.0,0.36816135,0.12767887115478516
81,[0.5849236  0.3035225  0.7884326  0.66240263],6.0,0.903309,0.12967157363891602
81,[0.03998887 0.33727163 0.2091918  0.55581176],7.0,0.9590901,0.12967157363891602
81,[0.17411876 0.31158268 0.28542694 0.4486711 ],7.0,0.88127136,0.12967157363891602
82,[0.5795288  0.2957895  0.78613746 0.6775173 ],6.0,0.39852467,0.12732338905334473
82,[0.04185613 0.33781752 0.20728785 0.5572331 ],7.0,0.93916756,0.12732338905334473
82,[0.1649346  0.30975217 0.27799833 0.4684602 ],7.0,0.75082254,0.12732338905334473
83,[0.03854723 0.3344106  0.21049792 0.5530552 ],7.0,0.9708203,0.12983083724975586
83,[0.16475865 0.311205   0.2820937  0.45292422],7.0,0.8292302,0.12983083724975586
84,[0.5842241  0.29556584 0.7726407  0.6735536 ],5.0,0.6102654,0.13002896308898926
84,[0.16787967 0.3150486  0.28093457 0.4743974 ],7.0,0.7305816,0.13002896308898926
84,[0.03744751 0.3364504  0.20614421 0.5554062 ],7.0,0.561981,0.13002896308898926
85,[0.16047996 0.31392744 0.27285242 0.4728935 ],7.0,0.72645235,0.13262438774108887
85,[0.03735598 0.33665964 0.2036443  0.54876757],7.0,0.6499502,0.13262438774108887
85,[0.6080245  0.2848134  0.71837056 0.38944453],9.0,0.37620017,0.13262438774108887
85,[0.48602232 0.2678979  0.55573726 0.48870403],15.0,0.58906114,0.13262438774108887
86,[0.5711054  0.30181414 0.7465083  0.6675518 ],6.0,0.83194673,0.1224977970123291
86,[0.1512449  0.31409603 0.2658422  0.48310268],7.0,0.86504316,0.1224977970123291
86,[0.02244861 0.33332026 0.18297172 0.5590411 ],7.0,0.8228451,0.1224977970123291
86,[0.47319457 0.26677066 0.5465199  0.49390227],15.0,0.41141254,0.1224977970123291
87,[0.56901413 0.30071503 0.7479463  0.6847659 ],5.0,0.7773181,0.1294717788696289
87,[0.471455   0.25269085 0.5411904  0.49457288],5.0,0.3280973,0.1294717788696289
87,[0.150269   0.3107524  0.26470068 0.4802667 ],7.0,0.81680965,0.1294717788696289
87,[0.02239993 0.33320647 0.1861853  0.555419  ],7.0,0.79866934,0.1294717788696289
88,[0.56245303 0.29666394 0.7529845  0.68773407],5.0,0.32960612,0.12016749382019043
88,[0.25844392 0.30278045 0.462738   0.6056515 ],7.0,0.7705036,0.12016749382019043
88,[0.15480429 0.325231   0.2719802  0.5369587 ],7.0,0.5129606,0.12016749382019043
88,[0.02243654 0.33525997 0.16942272 0.5554802 ],7.0,0.4179676,0.12016749382019043
88,[0.006874   0.27744955 0.04951316 0.43977624],15.0,0.30390617,0.12016749382019043
89,[0.469393   0.2693577  0.5426246  0.49344185],5.0,0.32368052,0.11783075332641602
89,[0.56173605 0.302032   0.7462978  0.67411613],6.0,0.43653643,0.11783075332641602
89,[0.01996047 0.33474237 0.17371991 0.5433858 ],7.0,0.85615927,0.11783075332641602
89,[0.14389208 0.31179008 0.2625261  0.46386036],7.0,0.56606334,0.11783075332641602
90,[0.14305472 0.31522888 0.25643307 0.47563428],7.0,0.89552695,0.13588809967041016
90,[0.24337533 0.30091274 0.46000525 0.6056724 ],7.0,0.87371284,0.13588809967041016
90,[0.01610525 0.3470044  0.16828124 0.56303036],9.0,0.71030647,0.13588809967041016
91,[0.0122655  0.342729   0.16166748 0.55771613],7.0,0.9185557,0.13071990013122559
91,[0.13269636 0.31613433 0.2517836  0.49372095],7.0,0.60347295,0.13071990013122559
91,[0.45162582 0.2753331  0.5232936  0.5055311 ],15.0,0.48515514,0.13071990013122559
92,[0.01003558 0.3454706  0.16044286 0.5448968 ],7.0,0.95700127,0.1271367073059082
92,[0.12301175 0.3172692  0.24141695 0.4683336 ],7.0,0.8936129,0.1271367073059082
92,[0.22274452 0.29419082 0.43706584 0.5995136 ],7.0,0.86004674,0.1271367073059082
92,[0.68860716 0.5649239  0.9896011  0.92114544],9.0,0.68452543,0.1271367073059082
92,[0.4436891  0.27325577 0.52012664 0.5015098 ],10.0,0.52873605,0.1271367073059082
93,[0.15612556 0.45973194 0.26187077 0.7546507 ],5.0,0.8712581,0.1300952434539795
93,[0.01110066 0.34553492 0.15549868 0.56252086],7.0,0.78956187,0.1300952434539795
93,[0.12035096 0.31855342 0.23877516 0.49085322],7.0,0.74998266,0.1300952434539795
93,[0.2203052  0.29983652 0.4292584  0.60626245],7.0,0.49228412,0.1300952434539795
94,[0.12238695 0.3189695  0.23908249 0.4817977 ],7.0,0.91369903,0.13337373733520508
94,[0.01133083 0.34542266 0.15257214 0.5571669 ],7.0,0.6544641,0.13337373733520508
95,[0.1172834  0.32495195 0.22934777 0.4835779 ],7.0,0.8554658,0.1272420883178711
95,[0.20306572 0.3109852  0.45159152 0.60393703],7.0,0.68610317,0.1272420883178711
95,[0.0111051  0.345999   0.15144455 0.55609906],7.0,0.66302305,0.1272420883178711
95,[0.4413017  0.28292128 0.5102821  0.50093925],15.0,0.38137585,0.1272420883178711
96,[0.11679479 0.32674074 0.22553301 0.49177444],7.0,0.79788876,0.1230161190032959
96,[0.01220727 0.34823033 0.14331912 0.5570276 ],7.0,0.4466438,0.1230161190032959
96,[0.6530851  0.5614261  0.93898    0.88434964],9.0,0.49469492,0.1230161190032959
96,[0.00548884 0.3528763  0.14208293 0.5573121 ],9.0,0.438946,0.1230161190032959
97,[0.11523205 0.32729816 0.2207427  0.498896  ],7.0,0.9538333,0.12490582466125488
97,[0.00526991 0.35486573 0.1432403  0.5546471 ],7.0,0.693166,0.12490582466125488
97,[0.20025504 0.33736575 0.37347645 0.5967697 ],7.0,0.45273766,0.12490582466125488
98,[0.58861095 0.0815613  1.0655324  0.6294266 ],3.0,0.63979197,0.12811899185180664
98,[0.11195298 0.3258399  0.21922104 0.4782767 ],7.0,0.9567487,0.12811899185180664
98,[0.21148413 0.30476424 0.4255771  0.5853156 ],7.0,0.69653416,0.12811899185180664
98,[0.00740787 0.35444713 0.14505231 0.546939  ],7.0,0.6491815,0.12811899185180664
99,[0.11470656 0.32594424 0.21827663 0.47582752],7.0,0.94766325,0.12732696533203125
99,[0.00702164 0.35518762 0.14497095 0.5499357 ],7.0,0.5743152,0.12732696533203125
99,[0.20608433 0.30769658 0.41754407 0.6073986 ],7.0,0.49080104,0.12732696533203125
99,[0.42171088 0.30972356 0.5004077  0.4885317 ],10.0,0.32558295,0.12732696533203125
100,[0.10874015 0.32530296 0.21874529 0.47812772],7.0,0.9516561,0.1319580078125
100,[0.0052709  0.35392246 0.14687492 0.5472136 ],7.0,0.7757444,0.1319580078125
100,[0.20127264 0.3099696  0.4142036  0.620687  ],7.0,0.5109007,0.1319580078125
100,[0.6259508  0.53180027 0.9466467  0.9352194 ],9.0,0.5415663,0.1319580078125
101,[0.60343325 0.0803827  1.0801275  0.646373  ],3.0,0.30216587,0.12248659133911133
101,[0.11758139 0.33331797 0.21869859 0.47694632],7.0,0.99537706,0.12248659133911133
101,[0.00746287 0.3612057  0.14875892 0.55986696],7.0,0.95858306,0.12248659133911133
101,[0.21119967 0.36010212 0.37167302 0.6008986 ],7.0,0.48382434,0.12248659133911133
101,[0.6332679  0.60940874 1.0920788  1.1052713 ],9.0,0.67744625,0.12248659133911133
102,[0.12359018 0.3327173  0.2175704  0.47423697],7.0,0.9916602,0.12968754768371582
102,[0.00836627 0.36099726 0.15281996 0.5577694 ],7.0,0.97457314,0.12968754768371582
102,[0.21152022 0.37085328 0.38901725 0.5749812 ],7.0,0.49212322,0.12968754768371582
102,[0.22730887 0.28026146 0.3552019  0.36969608],7.0,0.40463525,0.12968754768371582
103,[0.12374654 0.33130968 0.22125793 0.48677742],7.0,0.9828414,0.1310884952545166
103,[0.01396005 0.35773626 0.15665205 0.54629576],7.0,0.89808196,0.1310884952545166
103,[0.2023587  0.36148512 0.3745174  0.59727657],7.0,0.8488919,0.1310884952545166
103,[0.23140636 0.28261948 0.36264923 0.3638904 ],7.0,0.36683068,0.1310884952545166
104,[0.5270189  0.38607332 0.6852373  0.63124895],6.0,0.36453772,0.12900066375732422
104,[0.12321998 0.3311068  0.2222959  0.4865578 ],7.0,0.9840771,0.12900066375732422
104,[0.01273133 0.3612105  0.15601066 0.55277306],7.0,0.97734374,0.12900066375732422
104,[0.21148553 0.36036724 0.39249966 0.5852767 ],7.0,0.8592188,0.12900066375732422
104,[0.23381759 0.28052127 0.35609072 0.36847275],7.0,0.45449755,0.12900066375732422
105,[0.01253075 0.3566733  0.15889719 0.5515303 ],7.0,0.98544335,0.13049745559692383
105,[0.12547997 0.3301608  0.22456259 0.49710017],7.0,0.98067254,0.13049745559692383
105,[0.19873014 0.36787072 0.3867382  0.59962356],7.0,0.7800635,0.13049745559692383
105,[0.23377654 0.2828239  0.35772875 0.3682421 ],7.0,0.35750932,0.13049745559692383
105,[0.6305869  0.60013866 1.0862918  1.0821784 ],9.0,0.8491585,0.13049745559692383
106,[0.606846   0.08489969 1.088695   0.65055764],3.0,0.4884913,0.13612771034240723
106,[0.12386279 0.33335164 0.22152285 0.48883447],7.0,0.9843031,0.13612771034240723
106,[0.22164178 0.36512652 0.42512578 0.5884069 ],7.0,0.9217427,0.13612771034240723
106,[0.01874944 0.3548031  0.15411645 0.55068606],7.0,0.90313315,0.13612771034240723
106,[0.23397091 0.2812487  0.35676166 0.36957455],7.0,0.31353688,0.13612771034240723
107,[0.6063161  0.08167127 1.0708653  0.66599834],3.0,0.87000626,0.12039494514465332
107,[0.12428109 0.33239833 0.21867152 0.4820538 ],7.0,0.9576767,0.12039494514465332
107,[0.01343894 0.3404344  0.14411123 0.52665263],7.0,0.8410748,0.12039494514465332
107,[0.20111981 0.37773225 0.38291964 0.60011613],7.0,0.69141626,0.12039494514465332
107,[0.23200813 0.2846555  0.3526685  0.37153953],7.0,0.41325927,0.12039494514465332
108,[0.13782814 0.41886243 0.23832828 0.7220249 ],5.0,0.3509337,0.12808537483215332
108,[0.12503277 0.33459872 0.21412571 0.45983845],7.0,0.8074758,0.12808537483215332
108,[0.18603012 0.33232403 0.4368616  0.61050326],7.0,0.30301517,0.12808537483215332
108,[0.01436449 0.3579147  0.1444028  0.55369043],9.0,0.4262369,0.12808537483215332
109,[0.20697665 0.38555267 0.369794   0.62448275],7.0,0.9521221,0.12689495086669922
109,[0.12437859 0.33303902 0.21488628 0.45820394],7.0,0.8316462,0.12689495086669922
109,[0.01923957 0.3493232  0.1447612  0.55087674],7.0,0.5807526,0.12689495086669922
109,[0.22862317 0.2835032  0.3515364  0.37154928],7.0,0.44921187,0.12689495086669922
110,[0.12427373 0.33811808 0.21467488 0.46548676],7.0,0.90620166,0.13060784339904785
110,[0.21296132 0.3929122  0.3691399  0.6383371 ],7.0,0.75602365,0.13060784339904785
110,[0.01049177 0.34514797 0.14245835 0.5322276 ],7.0,0.65495193,0.13060784339904785
110,[0.22928335 0.28366745 0.35006875 0.3699082 ],7.0,0.57004976,0.13060784339904785
110,[0.255921   0.36179632 0.4231727  0.6082607 ],7.0,0.4755178,0.13060784339904785
110,[0.0108037  0.36600515 0.15114073 0.5693407 ],9.0,0.38175425,0.13060784339904785
111,[0.19933146 0.3965815  0.37863165 0.65264463],7.0,0.9672675,0.11447024345397949
111,[0.11942157 0.3391372  0.21426979 0.45367658],7.0,0.8428702,0.11447024345397949
111,[0.00947655 0.34695697 0.13800895 0.52088654],7.0,0.7012565,0.11447024345397949
111,[0.255748   0.36352134 0.42481676 0.61402607],7.0,0.6850188,0.11447024345397949
111,[0.22143236 0.28523546 0.35059807 0.36304575],7.0,0.47607592,0.11447024345397949
112,[0.5970975  0.08350888 1.0724436  0.637347  ],3.0,0.44711497,0.13451838493347168
112,[0.2303572  0.36603433 0.42356172 0.5908944 ],7.0,0.969467,0.13451838493347168
112,[0.01421987 0.3633368  0.16787067 0.55154055],7.0,0.6334008,0.13451838493347168
112,[0.15187033 0.3930186  0.35366112 0.6649387 ],7.0,0.5477875,0.13451838493347168
112,[0.21633667 0.28804225 0.35036135 0.36515737],7.0,0.4602095,0.13451838493347168
112,[0.11802454 0.34567475 0.21227296 0.46070117],7.0,0.36865923,0.13451838493347168
113,[0.2108171  0.37489322 0.42407024 0.5816507 ],7.0,0.9719409,0.1286640167236328
113,[0.11455435 0.39388788 0.36304268 0.64936197],7.0,0.66778517,0.1286640167236328
113,[0.0205611  0.37750578 0.32695225 0.5555461 ],7.0,0.6019054,0.1286640167236328
113,[0.21905108 0.29031634 0.34379864 0.3690086 ],7.0,0.3443734,0.1286640167236328
113,[0.01725996 0.36982968 0.18043129 0.5574863 ],9.0,0.3555314,0.1286640167236328
114,[0.11456574 0.3804297  0.36410433 0.6806987 ],7.0,0.7850918,0.12454771995544434
114,[0.20179528 0.36681068 0.42566174 0.6121148 ],7.0,0.5396359,0.12454771995544434
114,[0.01599278 0.37053755 0.16718578 0.55476   ],9.0,0.3734332,0.12454771995544434
115,[0.14105181 0.40014595 0.38756514 0.6548887 ],7.0,0.96781254,0.12831711769104004
115,[0.22122349 0.3055585  0.34193194 0.39426678],7.0,0.44378835,0.12831711769104004
115,[0.56206894 0.5144409  0.80297256 0.81919193],9.0,0.96339935,0.12831711769104004
116,[0.14831497 0.42149717 0.38949317 0.6578849 ],7.0,0.868442,0.13422441482543945
116,[0.01982909 0.40616435 0.1556273  0.59213877],7.0,0.4680365,0.13422441482543945
117,[0.16848072 0.4113767  0.427887   0.665573  ],7.0,0.98089993,0.12676572799682617
117,[0.02230417 0.40584996 0.14426324 0.58801717],7.0,0.65296817,0.12676572799682617
117,[0.12607332 0.40175346 0.21961041 0.5031705 ],7.0,0.4237035,0.12676572799682617
117,[0.22586742 0.34814692 0.35109958 0.41972739],7.0,0.3623435,0.12676572799682617
117,[0.3026044  0.4238746  0.44965175 0.61750567],7.0,0.30789232,0.12676572799682617
117,[0.5530714  0.52467734 0.79354095 0.8450549 ],9.0,0.36076394,0.12676572799682617
118,[0.17117451 0.42506444 0.4234612  0.6781925 ],7.0,0.94903415,0.13501238822937012
118,[0.02432688 0.4232195  0.15252894 0.611613  ],7.0,0.77525216,0.13501238822937012
118,[0.1202475  0.410057   0.21521385 0.52777815],7.0,0.33191162,0.13501238822937012
119,[0.15433775 0.4027295  0.41507584 0.67584836],7.0,0.93228066,0.1293041706085205
119,[0.02778461 0.4055082  0.14534244 0.5946755 ],7.0,0.70409167,0.1293041706085205
120,[0.1497764  0.42940158 0.41084617 0.6792223 ],7.0,0.97184616,0.1260838508605957
120,[0.02656724 0.4313897  0.155566   0.62846196],7.0,0.80972075,0.1260838508605957
121,[0.1514698  0.42354676 0.43089166 0.6787044 ],7.0,0.9761801,0.12552309036254883
121,[0.01160169 0.4290741  0.14474368 0.65760463],7.0,0.9239426,0.12552309036254883
121,[0.3043943 0.4294146 0.4610591 0.6217927],7.0,0.42545998,0.12552309036254883
121,[0.11890295 0.42362598 0.22399575 0.52285564],7.0,0.36262566,0.12552309036254883
121,[0.21965842 0.35650176 0.3473317  0.43816918],7.0,0.35154146,0.12552309036254883
121,[0.14611498 0.44337678 0.30370787 0.75360715],7.0,0.34433275,0.12552309036254883
122,[0.13613242 0.4430489  0.35662818 0.7120928 ],7.0,0.95894367,0.12669944763183594
122,[0.02076887 0.42633972 0.13877726 0.6059751 ],7.0,0.80728126,0.12669944763183594
122,[0.26398027 0.4335812  0.425501   0.6584724 ],7.0,0.5695086,0.12669944763183594
122,[0.57601064 0.5862514  1.099834   1.1217865 ],8.0,0.32582518,0.12669944763183594
122,[0.42442146 0.404729   0.4863161  0.5653749 ],15.0,0.312226,0.12669944763183594
123,[0.11622263 0.42315525 0.36305648 0.6962145 ],7.0,0.93536544,0.12345004081726074
123,[0.01964364 0.43195647 0.1358338  0.60620683],7.0,0.8340243,0.12345004081726074
124,[0.12744936 0.42551887 0.35891986 0.71243167],7.0,0.9821685,0.1281721591949463
124,[0.0176764  0.43470564 0.1542344  0.6302572 ],7.0,0.9227797,0.1281721591949463
124,[0.21902737 0.36585587 0.34147343 0.45625716],7.0,0.5436816,0.1281721591949463
124,[0.26501772 0.43413252 0.4376472  0.65890735],7.0,0.32723612,0.1281721591949463
125,[0.14693424 0.4291472  0.38767692 0.6957073 ],7.0,0.90587676,0.1280970573425293
125,[0.02288797 0.43276757 0.141871   0.6062427 ],7.0,0.78876245,0.1280970573425293
125,[0.22503133 0.3677192  0.34164247 0.455623  ],7.0,0.48682016,0.1280970573425293
125,[0.31093496 0.43111658 0.42521507 0.6320121 ],7.0,0.39021826,0.1280970573425293
126,[0.13718323 0.44066626 0.36715972 0.68761367],7.0,0.9469034,0.11733031272888184
126,[0.0151738  0.42677256 0.1646331  0.64067984],7.0,0.89183027,0.11733031272888184
126,[0.32073173 0.44261757 0.45762685 0.6361541 ],7.0,0.6666454,0.11733031272888184
126,[0.03671397 0.43608373 0.28849185 0.6334353 ],7.0,0.39872968,0.11733031272888184
126,[0.52241427 0.51653445 0.7437641  0.8297864 ],9.0,0.5471496,0.11733031272888184
127,[0.14982095 0.44542992 0.37146536 0.68542385],7.0,0.97959065,0.11749720573425293
127,[0.0113757  0.4266854  0.16894042 0.64759344],7.0,0.9639026,0.11749720573425293
127,[0.31872198 0.44408113 0.4624888  0.6380902 ],7.0,0.6757956,0.11749720573425293
127,[0.43855876 0.4052746  0.62256736 0.56854296],7.0,0.45744604,0.11749720573425293
127,[0.27873945 0.7811769  0.54774076 0.9207736 ],9.0,0.30008337,0.11749720573425293
127,[0.43615437 0.3812775  0.5108269  0.57038146],10.0,0.4066,0.11749720573425293
128,[0.1357671  0.44578946 0.37020808 0.68890333],7.0,0.97859704,0.12341952323913574
128,[0.32028472 0.44530395 0.4629259  0.6368543 ],7.0,0.778227,0.12341952323913574
128,[0.02102111 0.4235697  0.16744123 0.66231626],7.0,0.65001416,0.12341952323913574
128,[0.5212921 0.5046395 0.745062  0.795575 ],7.0,0.52122426,0.12341952323913574
128,[0.27812475 0.78034335 0.5370345  0.93368024],9.0,0.32040668,0.12341952323913574
128,[0.43295962 0.37445748 0.5249981  0.5832815 ],10.0,0.43253154,0.12341952323913574
129,[0.14968929 0.4355488  0.40609226 0.67539406],7.0,0.98454165,0.1299901008605957
129,[0.3313899  0.44690543 0.46012568 0.6433298 ],7.0,0.9488091,0.1299901008605957
129,[0.0262596  0.4222843  0.16358383 0.6888637 ],7.0,0.6482594,0.1299901008605957
129,[0.26532033 0.77455676 0.54353225 0.97766674],9.0,0.38347778,0.1299901008605957
129,[0.43309382 0.37442487 0.5238646  0.5876457 ],10.0,0.39524513,0.1299901008605957
130,[0.14003256 0.4299233  0.38858822 0.67660856],7.0,0.90834177,0.1275935173034668
130,[0.32029128 0.41924492 0.44738936 0.6300237 ],7.0,0.646952,0.1275935173034668
130,[0.15776981 0.43863577 0.27768087 0.75542396],15.0,0.6104054,0.1275935173034668
131,[0.15618025 0.44760203 0.37255895 0.7077583 ],7.0,0.94672894,0.13448119163513184
131,[0.326374   0.43574148 0.44843304 0.62606186],7.0,0.7708218,0.13448119163513184
131,[0.24002047 0.3770263  0.3614723  0.45776972],7.0,0.66219586,0.13448119163513184
131,[0.04914981 0.42563534 0.1593117  0.6068282 ],7.0,0.3591484,0.13448119163513184
131,[0.2663598 0.7616441 0.5333538 0.9882537],9.0,0.33304834,0.13448119163513184
132,[0.44547543 0.37932333 0.50767905 0.575972  ],5.0,0.3704705,0.12202787399291992
132,[0.1561172  0.4442848  0.43375272 0.684703  ],7.0,0.989782,0.12202787399291992
132,[0.34249115 0.4517759  0.46545303 0.6476909 ],7.0,0.91707814,0.12202787399291992
132,[0.05029779 0.43094194 0.15884025 0.614949  ],7.0,0.5367591,0.12202787399291992
133,[0.14654091 0.4340262  0.43963042 0.6868161 ],7.0,0.9709119,0.12709641456604004
133,[0.33315682 0.44409484 0.45649147 0.63971967],7.0,0.89318866,0.12709641456604004
133,[0.22178142 0.37542117 0.34804785 0.45294547],7.0,0.41104853,0.12709641456604004
134,[0.1281645  0.43622887 0.42278436 0.684137  ],7.0,0.9365182,0.12345004081726074
134,[0.33492866 0.4455065  0.4571273  0.63986236],7.0,0.9267877,0.12345004081726074
135,[0.31202492 0.42692274 0.43814322 0.62501496],7.0,0.6855044,0.12873005867004395
135,[0.22024938 0.37365168 0.34791878 0.4541875 ],7.0,0.48865154,0.12873005867004395
135,[0.12095958 0.41551656 0.40121073 0.68879646],7.0,0.46994328,0.12873005867004395
135,[0.5051503  0.4381553  0.72077715 0.7717793 ],9.0,0.5927827,0.12873005867004395
136,[0.07671213 0.41048425 0.34166867 0.6809631 ],7.0,0.94804734,0.12059688568115234
136,[0.3054138  0.43278039 0.4310899  0.6193713 ],7.0,0.6088834,0.12059688568115234
136,[0.0340701  0.43376198 0.13724831 0.606324  ],7.0,0.54485995,0.12059688568115234
136,[0.4906263  0.44243813 0.6957827  0.76971126],9.0,0.41844022,0.12059688568115234
137,[0.12145186 0.41329664 0.3518142  0.699678  ],7.0,0.9615512,0.1361076831817627
137,[0.29882208 0.4312206  0.42277065 0.61097103],7.0,0.8329077,0.1361076831817627
137,[0.03536538 0.44676346 0.13534242 0.6050114 ],7.0,0.72395015,0.1361076831817627
137,[0.20258379 0.41189662 0.4313504  0.6419877 ],7.0,0.32530215,0.1361076831817627
138,[0.08869454 0.41050375 0.32249358 0.6827321 ],7.0,0.9785226,0.13827180862426758
138,[0.02722722 0.44216835 0.12596567 0.5967338 ],7.0,0.8252058,0.13827180862426758
138,[0.29343382 0.42497808 0.41768554 0.60439223],7.0,0.81508285,0.13827180862426758
139,[0.06822146 0.41802096 0.31915498 0.68646336],7.0,0.95652264,0.14176416397094727
139,[0.02698572 0.4508331  0.12885767 0.6004801 ],7.0,0.71154654,0.14176416397094727
139,[0.29453447 0.42733482 0.4176943  0.6014842 ],7.0,0.33999375,0.14176416397094727
140,[0.09005134 0.40372914 0.32110274 0.6869226 ],7.0,0.92990834,0.11952042579650879
140,[0.28871477 0.41941243 0.41512138 0.607312  ],7.0,0.7409681,0.11952042579650879
140,[0.02875185 0.45917213 0.12034279 0.5986694 ],7.0,0.41153613,0.11952042579650879
141,[0.12806553 0.38977706 0.3215327  0.7108309 ],7.0,0.9413166,0.12387871742248535
141,[0.29052004 0.42726234 0.41601053 0.60765827],7.0,0.81770444,0.12387871742248535
141,[0.03783956 0.45546776 0.12550706 0.6041079 ],7.0,0.6658836,0.12387871742248535
142,[0.1414725  0.39184684 0.33370227 0.68981034],7.0,0.8824571,0.12695884704589844
142,[0.03667654 0.44708833 0.13335234 0.6099334 ],7.0,0.5142066,0.12695884704589844
142,[0.2969048  0.42836696 0.42088348 0.60644346],7.0,0.31305814,0.12695884704589844
143,[0.13252404 0.4157796  0.313581   0.6845418 ],7.0,0.9461028,0.13483142852783203
143,[0.28849423 0.43620533 0.41586113 0.6069611 ],7.0,0.7528123,0.13483142852783203
143,[0.03662696 0.45542216 0.12396355 0.5938256 ],7.0,0.72792786,0.13483142852783203
144,[0.12972659 0.40995672 0.31506208 0.6983832 ],7.0,0.94373155,0.14265942573547363
144,[0.29398197 0.43107793 0.4146272  0.60596865],7.0,0.5862858,0.14265942573547363
144,[0.03397144 0.43893647 0.12607446 0.5973345 ],7.0,0.5309494,0.14265942573547363
145,[0.13160756 0.41685122 0.3059268  0.73669595],7.0,0.9264985,0.12700724601745605
145,[0.03284098 0.45024443 0.12061283 0.5903506 ],7.0,0.85834503,0.12700724601745605
145,[0.29062527 0.43629727 0.41372555 0.6036988 ],7.0,0.7746893,0.12700724601745605
146,[0.12527512 0.41587096 0.30439836 0.68087786],7.0,0.9150378,0.12809491157531738
146,[0.02707223 0.45851883 0.11514459 0.5888091 ],7.0,0.87625754,0.12809491157531738
146,[0.28154466 0.43700588 0.41349474 0.60456395],7.0,0.67534524,0.12809491157531738
147,[0.12513992 0.41259113 0.30556503 0.6740632 ],7.0,0.95931387,0.12192630767822266
147,[0.02413116 0.446118   0.11400436 0.5901818 ],7.0,0.8288447,0.12192630767822266
147,[0.29874882 0.42111114 0.43758413 0.6200791 ],7.0,0.4386005,0.12192630767822266
148,[0.6090165  0.5864464  0.7018061  0.95309746],5.0,0.537235,0.1304779052734375
148,[0.12568787 0.41070825 0.30084884 0.65853983],7.0,0.9841855,0.1304779052734375
148,[0.02522006 0.44967055 0.11021185 0.58122957],7.0,0.7554969,0.1304779052734375
148,[0.29831612 0.41325498 0.43644363 0.61937416],7.0,0.6843789,0.1304779052734375
149,[0.6101504  0.61509526 0.7003934  0.9390336 ],5.0,0.7459137,0.1361827850341797
149,[0.12017311 0.4169799  0.30014735 0.67910254],7.0,0.89601296,0.1361827850341797
149,[0.02460851 0.44778502 0.11217973 0.57337236],7.0,0.6984317,0.1361827850341797
149,[0.30173576 0.40598327 0.44305396 0.6140029 ],7.0,0.45894542,0.1361827850341797
150,[0.12128356 0.39323154 0.33210328 0.67490447],7.0,0.9302545,0.12582993507385254
150,[0.2964511  0.40869462 0.44191062 0.6125846 ],7.0,0.8079329,0.12582993507385254
150,[0.02183181 0.41308114 0.11274382 0.5752088 ],7.0,0.63210183,0.12582993507385254
151,[0.59886247 0.57850355 0.67571014 0.90829104],5.0,0.92584044,0.13193655014038086
151,[0.1242882  0.38375592 0.30824104 0.63473916],7.0,0.94855404,0.13193655014038086
151,[0.01548218 0.41287935 0.1046591  0.55997217],7.0,0.79827034,0.13193655014038086
151,[0.27470806 0.41279554 0.41392514 0.5719699 ],7.0,0.72985154,0.13193655014038086
151,[0.12238608 0.4122248  0.21611162 0.7323822 ],15.0,0.45195794,0.13193655014038086
152,[0.5977567 0.5678853 0.6702686 0.9015231],5.0,0.93981004,0.11809110641479492
152,[0.29344726 0.3943038  0.44694024 0.59464043],7.0,0.94659513,0.11809110641479492
152,[0.01486399 0.41213766 0.10600984 0.561708  ],7.0,0.9096977,0.11809110641479492
152,[0.1231607  0.3896867  0.3055746  0.63937366],7.0,0.8692458,0.11809110641479492
152,[0.4268644 0.4068118 0.6264082 0.6738137],7.0,0.519841,0.11809110641479492
152,[0.11883767 0.39553863 0.24233963 0.67200714],15.0,0.6054775,0.11809110641479492
153,[0.5952671  0.5626055  0.6722602  0.89035714],5.0,0.7283483,0.12882471084594727
153,[0.2843991  0.39462796 0.4141916  0.56834227],7.0,0.8971892,0.12882471084594727
153,[0.01493461 0.40586329 0.10764928 0.56822306],7.0,0.7390437,0.12882471084594727
153,[0.14654192 0.3839558  0.30170766 0.6348871 ],7.0,0.6746666,0.12882471084594727
153,[0.14889057 0.67842907 0.55236405 1.1307003 ],9.0,0.6037998,0.12882471084594727
154,[0.59499013 0.5685888  0.6740556  0.89249235],5.0,0.77007514,0.13358545303344727
154,[0.28333145 0.39306587 0.41540128 0.57300645],7.0,0.8763341,0.13358545303344727
154,[0.02287326 0.4116885  0.11199054 0.5582874 ],7.0,0.8542297,0.13358545303344727
154,[0.13386664 0.37909853 0.30470908 0.6193936 ],7.0,0.8435318,0.13358545303344727
154,[0.14214946 0.6737913  0.5701067  1.1262285 ],9.0,0.48760176,0.13358545303344727
155,[0.5848701  0.56259376 0.6716033  0.8804342 ],5.0,0.61051387,0.12983298301696777
155,[0.13718492 0.38021362 0.306769   0.6178346 ],7.0,0.9434193,0.12983298301696777
155,[0.02609523 0.42130235 0.11585764 0.55285645],7.0,0.7488299,0.12983298301696777
155,[0.29163346 0.38694936 0.41916654 0.56686354],7.0,0.6909061,0.12983298301696777
155,[0.02578708 0.8818862  0.15307003 0.9945379 ],7.0,0.5857052,0.12983298301696777
155,[0.14593206 0.6750102  0.56725377 1.1197187 ],9.0,0.44845065,0.12983298301696777
155,[0.13059911 0.38939703 0.2074     0.6372218 ],15.0,0.4727782,0.12983298301696777
155,[0.13621303 0.37977445 0.2999358  0.6364534 ],15.0,0.3551768,0.12983298301696777
156,[0.58675545 0.5420655  0.672206   0.85031927],5.0,0.6355305,0.12989568710327148
156,[0.13998902 0.36681312 0.3205487  0.5797649 ],7.0,0.9847062,0.12989568710327148
156,[0.02869535 0.38929948 0.12417171 0.54635084],7.0,0.80975175,0.12989568710327148
156,[0.11524326 0.6430316  0.54951787 1.1024629 ],9.0,0.75236076,0.12989568710327148
156,[0.13032082 0.37806228 0.2121703  0.62620664],15.0,0.3792037,0.12989568710327148
157,[0.15009904 0.35920417 0.31356204 0.57812726],7.0,0.9862039,0.12069344520568848
157,[0.31082174 0.37856486 0.4503313  0.565567  ],7.0,0.80461395,0.12069344520568848
157,[0.44276696 0.3815679  0.64214665 0.62547785],7.0,0.6464085,0.12069344520568848
157,[0.04132563 0.39109033 0.12519579 0.5398638 ],7.0,0.47432503,0.12069344520568848
158,[0.591171   0.50339437 0.6735809  0.8324287 ],5.0,0.44634545,0.12290668487548828
158,[0.31667882 0.3731305  0.45035422 0.5625136 ],5.0,0.38657376,0.12290668487548828
158,[0.1462335  0.36254656 0.3127287  0.57092285],7.0,0.99388266,0.12290668487548828
158,[0.31155455 0.36937308 0.45571864 0.56429946],7.0,0.737779,0.12290668487548828
158,[0.04935712 0.392258   0.12748712 0.53134567],7.0,0.60261935,0.12290668487548828
158,[0.09181029 0.62151694 0.5210289  1.0905482 ],15.0,0.44962355,0.12290668487548828
159,[0.546648   0.01234844 0.85994387 0.5636984 ],3.0,0.34852383,0.12175536155700684
159,[0.5884305  0.51347196 0.6705214  0.830881  ],5.0,0.6403125,0.12175536155700684
159,[0.14372568 0.3616837  0.31652206 0.57278   ],7.0,0.9981111,0.12175536155700684
159,[0.29789189 0.37008613 0.4459618  0.56554943],7.0,0.808174,0.12175536155700684
159,[0.04584242 0.38803476 0.12927076 0.53729945],7.0,0.67425394,0.12175536155700684
160,[0.59195495 0.51822984 0.67039025 0.82347345],5.0,0.5836379,0.13304448127746582
160,[0.15098713 0.36086467 0.3170874  0.56661445],7.0,0.9975231,0.13304448127746582
160,[0.04969563 0.37841797 0.13228963 0.5325651 ],7.0,0.63142407,0.13304448127746582
160,[0.3053164 0.3530495 0.4350251 0.54091  ],7.0,0.5834191,0.13304448127746582
160,[0.0905356  0.61772805 0.5229258  1.0959673 ],9.0,0.7794179,0.13304448127746582
161,[0.5459578  0.01445064 0.85938156 0.5574603 ],3.0,0.32584262,0.12019968032836914
161,[0.5825613  0.5223082  0.66381687 0.8067766 ],5.0,0.42914632,0.12019968032836914
161,[0.14595962 0.3561559  0.32358345 0.5628357 ],7.0,0.9461699,0.12019968032836914
161,[0.30484992 0.35619056 0.44873482 0.5409363 ],7.0,0.9279577,0.12019968032836914
161,[0.05375981 0.39199737 0.1354502  0.521708  ],7.0,0.3251356,0.12019968032836914
162,[0.5369062  0.01151285 0.8653498  0.56375706],3.0,0.30014414,0.13427400588989258
162,[0.13923284 0.35411707 0.32887945 0.5525726 ],7.0,0.9038618,0.13427400588989258
162,[0.31615362 0.34820104 0.44695523 0.5264447 ],7.0,0.80276996,0.13427400588989258
162,[0.10214597 0.63187313 0.58259237 1.1007967 ],9.0,0.4531988,0.13427400588989258
163,[0.5491335  0.01266316 0.8674728  0.56343615],3.0,0.39553565,0.12610602378845215
163,[0.5830513  0.5072272  0.6701224  0.79915035],5.0,0.31285855,0.12610602378845215
163,[0.33789784 0.3593042  0.47639173 0.5488663 ],7.0,0.87378204,0.12610602378845215
163,[0.18595442 0.35426247 0.33850822 0.5417487 ],7.0,0.85973555,0.12610602378845215
163,[0.5931763  0.33730564 0.6850653  0.49171546],7.0,0.6854093,0.12610602378845215
163,[0.7177798  0.76707464 1.0131015  0.91915673],9.0,0.33148816,0.12610602378845215
163,[0.15084076 0.35467774 0.23616308 0.5339364 ],15.0,0.6089068,0.12610602378845215
164,[0.33525574 0.36684665 0.47387528 0.5478686 ],7.0,0.79314655,0.1204979419708252
164,[0.11102555 0.35774207 0.3431809  0.54209566],7.0,0.6945447,0.1204979419708252
164,[0.5923833  0.32349396 0.6869251  0.4921469 ],7.0,0.446141,0.1204979419708252
164,[0.14959076 0.3622182  0.23490775 0.5325882 ],15.0,0.5955714,0.1204979419708252
165,[0.54525083 0.01115003 0.86936444 0.574988  ],3.0,0.3554323,0.11849093437194824
165,[0.15616052 0.35450163 0.3349775  0.5404689 ],7.0,0.97820616,0.11849093437194824
165,[0.32009247 0.34950337 0.44963625 0.52162623],7.0,0.8643175,0.11849093437194824
165,[0.06252868 0.3887561  0.146783   0.52167434],7.0,0.5521154,0.11849093437194824
165,[0.593964   0.32677406 0.68933177 0.49465168],7.0,0.42461404,0.11849093437194824
165,[0.00067062 0.32629815 0.08217719 0.57666993],7.0,0.32616192,0.11849093437194824
165,[0.15380849 0.35216263 0.24284728 0.52956647],15.0,0.7225875,0.11849093437194824
166,[0.57670516 0.46852043 0.6501635  0.73356533],5.0,0.3344819,0.13429927825927734
166,[0.17407203 0.35366163 0.34577948 0.53467786],7.0,0.9030436,0.13429927825927734
166,[0.3363929  0.3449385  0.45497754 0.5205065 ],7.0,0.41270107,0.13429927825927734
166,[0.07075195 0.37816733 0.15515462 0.52123   ],7.0,0.3722018,0.13429927825927734
166,[0.16151983 0.35027796 0.24295887 0.52484435],15.0,0.78796667,0.13429927825927734
167,[0.5520344  0.01163855 0.8607565  0.5674386 ],3.0,0.5289153,0.13034939765930176
167,[0.17876226 0.3517173  0.34572613 0.5333128 ],7.0,0.867628,0.13034939765930176
167,[0.34511882 0.36414963 0.47996533 0.5405971 ],7.0,0.7326338,0.13034939765930176
167,[0.6035709  0.3629696  0.6954935  0.49664292],7.0,0.5359944,0.13034939765930176
167,[0.06825539 0.36846733 0.15457886 0.5166311 ],7.0,0.3221509,0.13034939765930176
167,[0.1669925  0.3525434  0.24568136 0.52191573],15.0,0.8202711,0.13034939765930176
168,[0.10584377 0.3479244  0.35246384 0.5358494 ],7.0,0.69659925,0.13171625137329102
168,[0.16494372 0.35614344 0.24903837 0.51058   ],15.0,0.54911214,0.13171625137329102
169,[0.17436662 0.35243434 0.34620538 0.539721  ],7.0,0.90684956,0.12499022483825684
169,[0.33888867 0.3613286  0.4774709  0.539677  ],7.0,0.39097455,0.12499022483825684
169,[0.17018466 0.35466328 0.24812634 0.5096588 ],15.0,0.6763925,0.12499022483825684
170,[0.5759623  0.46814615 0.6499175  0.74318594],5.0,0.7182347,0.13352060317993164
170,[0.34106916 0.3427644  0.46727157 0.5153382 ],7.0,0.64227206,0.13352060317993164
170,[0.17468372 0.35316685 0.34537712 0.52953625],7.0,0.638837,0.13352060317993164
170,[0.607147   0.35988915 0.6980901  0.48494476],7.0,0.36280453,0.13352060317993164
170,[0.6158787 0.7212632 1.0931406 1.1342214],9.0,0.5385747,0.13352060317993164
170,[0.16608681 0.35639977 0.24501432 0.5113522 ],15.0,0.60632706,0.13352060317993164
171,[0.5784416 0.456073  0.6480057 0.7301045],5.0,0.45306128,0.118865966796875
171,[0.18837735 0.34911114 0.35349765 0.5282821 ],7.0,0.7754684,0.118865966796875
171,[0.34203416 0.3371795  0.46832508 0.51187   ],7.0,0.38819677,0.118865966796875
171,[0.08306593 0.37925446 0.16494578 0.51203156],7.0,0.36214244,0.118865966796875
171,[0.16716439 0.3513021  0.248294   0.517885  ],15.0,0.43816566,0.118865966796875
172,[0.5534909  0.00915846 0.85386956 0.5639484 ],3.0,0.55481213,0.12880468368530273
172,[0.56629026 0.46687344 0.642969   0.7418796 ],5.0,0.35548508,0.12880468368530273
172,[0.18295461 0.34673464 0.34747314 0.5145251 ],7.0,0.7601716,0.12880468368530273
172,[0.33660668 0.34458458 0.45880324 0.5080267 ],7.0,0.52836597,0.12880468368530273
172,[0.46253175 0.36360008 0.62927264 0.56449246],7.0,0.31030002,0.12880468368530273
172,[0.17163897 0.34261823 0.2487114  0.4959401 ],15.0,0.72588116,0.12880468368530273
173,[0.5542801  0.01081482 0.8654482  0.5471525 ],3.0,0.813637,0.12713885307312012
173,[0.18405898 0.34417355 0.34508127 0.51608765],7.0,0.8468551,0.12713885307312012
173,[0.3383397  0.33266506 0.4611987  0.50899   ],7.0,0.47871625,0.12713885307312012
173,[0.37488604 0.34646893 0.6186743  0.51499593],7.0,0.41396782,0.12713885307312012
173,[0.16918235 0.3366071  0.24952878 0.49077803],15.0,0.7591869,0.12713885307312012
174,[0.33947453 0.3255952  0.46249303 0.50780636],7.0,0.6807096,0.1321423053741455
174,[0.17862132 0.3403313  0.34272984 0.5201875 ],7.0,0.6222343,0.1321423053741455
174,[0.59598625 0.3691808  0.69950366 0.48905504],7.0,0.56385237,0.1321423053741455
175,[0.54942656 0.01108003 0.85842097 0.56085455],3.0,0.41297334,0.1280970573425293
175,[0.18494359 0.34327018 0.34133485 0.5150095 ],7.0,0.6286318,0.1280970573425293
175,[0.33813933 0.3328888  0.4551777  0.50213045],7.0,0.40740055,0.1280970573425293
175,[0.16675477 0.3284923  0.2485079  0.4810376 ],15.0,0.64010376,0.1280970573425293
176,[0.551057   0.00783256 0.8692963  0.561435  ],3.0,0.46828473,0.1281909942626953
176,[0.3463458  0.33523905 0.45904043 0.5060842 ],7.0,0.669212,0.1281909942626953
176,[0.5947715  0.3649537  0.6941714  0.47742367],7.0,0.53926164,0.1281909942626953
176,[0.13372785 0.3470012  0.33339983 0.5382926 ],7.0,0.5344183,0.1281909942626953
176,[0.4522804 0.3494863 0.6008488 0.5586698],7.0,0.44268066,0.1281909942626953
176,[0.09520406 0.5776917  0.6497654  1.1119235 ],9.0,0.7515173,0.1281909942626953
176,[0.16943128 0.33094564 0.247288   0.4758183 ],15.0,0.6251836,0.1281909942626953
177,[0.19497913 0.330626   0.34919727 0.5089672 ],7.0,0.7763752,0.12747526168823242
177,[0.59583586 0.3685443  0.701866   0.46984628],7.0,0.65341794,0.12747526168823242
177,[0.3526768  0.3389215  0.4582439  0.49490958],7.0,0.3615535,0.12747526168823242
177,[0.09603932 0.5798632  0.5907824  1.1172218 ],9.0,0.8276417,0.12747526168823242
178,[0.11982283 0.34180552 0.3503541  0.8441177 ],5.0,0.5350187,0.1332535743713379
178,[0.60232526 0.36720517 0.6992969  0.46517888],7.0,0.5175057,0.1332535743713379
178,[0.10403167 0.59326655 0.56766474 1.1073346 ],9.0,0.39911404,0.1332535743713379
179,[0.12427053 0.34080148 0.34617263 0.82762027],5.0,0.52557707,0.13163089752197266
179,[0.08433695 0.34523264 0.17392017 0.5128988 ],8.0,0.386433,0.13163089752197266
179,[0.09586249 0.58697367 0.56204283 1.1034813 ],9.0,0.93589914,0.13163089752197266
180,[0.5918996  0.3736427  0.70692915 0.46836683],7.0,0.9378505,0.11861944198608398
180,[0.00145028 0.3043877  0.09855144 0.53693837],9.0,0.4235094,0.11861944198608398
181,[0.17236066 0.3266584  0.3532378  0.5331164 ],7.0,0.7589957,0.1283559799194336
181,[0.6053558  0.36610278 0.7108     0.4666451 ],7.0,0.5716024,0.1283559799194336
182,[0.60810894 0.36124462 0.7262921  0.4615175 ],7.0,0.82235396,0.13585805892944336
182,[0.14246514 0.45091692 0.35496715 0.7387476 ],7.0,0.58389294,0.13585805892944336
182,[0.1998824  0.32564232 0.35697234 0.5019757 ],7.0,0.49679768,0.13585805892944336
183,[0.20796505 0.32559666 0.3607923  0.47936758],7.0,0.45254806,0.1239006519317627
183,[0.4326508  0.33654398 0.6218419  0.5326937 ],7.0,0.32685113,0.1239006519317627
183,[0.6089926 0.3567235 0.7197242 0.4621992],7.0,0.32486176,0.1239006519317627
184,[0.20958856 0.32352185 0.36591825 0.47724515],7.0,0.73261076,0.12409138679504395
184,[0.43721414 0.34141064 0.6258534  0.53307   ],7.0,0.39368972,0.12409138679504395
184,[0.5936144  0.58927053 0.86557454 0.8713016 ],9.0,0.3141028,0.12409138679504395
185,[0.5528699  0.01223752 0.8691888  0.5297276 ],3.0,0.3303803,0.12448740005493164
185,[0.15122272 0.4502766  0.35902566 0.7349465 ],7.0,0.89179766,0.12448740005493164
185,[0.20821986 0.32971144 0.3629168  0.48385412],7.0,0.88558537,0.12448740005493164
185,[0.45989785 0.3402204  0.61754715 0.54786575],7.0,0.78414315,0.12448740005493164
185,[0.6136947  0.34443957 0.71929127 0.46158457],7.0,0.3838056,0.12448740005493164
185,[-0.00118945  0.31956735  0.10922696  0.53556645],9.0,0.4002006,0.12448740005493164
186,[0.21184406 0.32374913 0.36995193 0.48563337],7.0,0.61645657,0.13031482696533203
186,[0.45960784 0.32598415 0.60897243 0.5320642 ],7.0,0.5939441,0.13031482696533203
186,[0.15052477 0.44079912 0.36121723 0.73089504],7.0,0.4711526,0.13031482696533203
186,[-5.0411746e-04  3.2103431e-01  1.0967651e-01  5.2730799e-01],9.0,0.31571892,0.13031482696533203
187,[0.587001   0.5665947  0.85623986 0.8364403 ],6.0,0.60526586,0.12603378295898438
187,[0.5836454  0.5662619  0.8551187  0.83894336],7.0,0.8656654,0.12603378295898438
187,[0.21747309 0.32184166 0.36843497 0.5051273 ],7.0,0.7588666,0.12603378295898438
187,[0.16103545 0.4316875  0.36240205 0.6953393 ],7.0,0.43834057,0.12603378295898438
188,[0.58388245 0.5581868  0.84900177 0.83938414],7.0,0.62503725,0.13138580322265625
188,[0.2075192  0.32075357 0.36314884 0.5257275 ],7.0,0.5957033,0.13138580322265625
188,[0.00675827 0.3209415  0.13942039 0.5319955 ],7.0,0.4384982,0.13138580322265625
188,[0.09677812 0.59184265 0.67123616 1.1350287 ],9.0,0.78001815,0.13138580322265625
189,[0.16724384 0.37107885 0.36517644 0.72094774],5.0,0.31901538,0.1252434253692627
189,[0.00894684 0.31842595 0.15432808 0.52865803],7.0,0.42771,0.1252434253692627
189,[0.00876072 0.31839186 0.14339311 0.53688556],9.0,0.32678834,0.1252434253692627
190,[0.20486301 0.31558636 0.37230432 0.5336103 ],7.0,0.7697897,0.12192797660827637
190,[0.16691798 0.38784528 0.36961037 0.70544744],7.0,0.6986753,0.12192797660827637
190,[0.00942961 0.3141842  0.15999988 0.5277506 ],7.0,0.55136263,0.12192797660827637
190,[0.5822053  0.5344175  0.85091686 0.87626624],7.0,0.46277243,0.12192797660827637
190,[0.10377666 0.59344983 0.66960454 1.1160643 ],9.0,0.9813067,0.12192797660827637
190,[0.00924797 0.31757206 0.15096477 0.5370859 ],9.0,0.38514084,0.12192797660827637
191,[0.21464601 0.31928504 0.36621484 0.48664653],7.0,0.5783141,0.13873934745788574
191,[0.01301634 0.31508386 0.17079821 0.52494574],7.0,0.52908105,0.13873934745788574
191,[0.580992   0.5471271  0.8497548  0.86382806],7.0,0.37209046,0.13873934745788574
191,[0.01139071 0.31713235 0.16215596 0.53152674],9.0,0.4645067,0.13873934745788574
191,[0.09322596 0.64372617 0.6605514  1.1117852 ],9.0,0.3092013,0.13873934745788574
192,[0.01298408 0.3115773  0.15501389 0.5230129 ],7.0,0.917321,0.13386940956115723
193,[0.01009034 0.31264228 0.1571351  0.5225483 ],7.0,0.97110444,0.13863587379455566
193,[0.20519531 0.31890285 0.36683142 0.5216797 ],7.0,0.5491123,0.13863587379455566
193,[0.5771301  0.53268886 0.82302654 0.8275274 ],7.0,0.48064232,0.13863587379455566
194,[0.01351116 0.30947754 0.17598101 0.5186463 ],7.0,0.89906305,0.12876224517822266
194,[0.20091647 0.3151845  0.3696072  0.511382  ],7.0,0.76758045,0.12876224517822266
194,[0.11318576 0.6186415  0.6370452  1.0922214 ],9.0,0.9102872,0.12876224517822266
195,[0.01297467 0.3069452  0.18269491 0.5146996 ],7.0,0.94417536,0.12366676330566406
195,[0.20108896 0.31547657 0.36906433 0.49935237],7.0,0.8631886,0.12366676330566406
195,[0.11522618 0.6005167  0.6384125  1.1060103 ],9.0,0.40193477,0.12366676330566406
196,[0.01409755 0.3036122  0.16486591 0.51947075],7.0,0.74903053,0.11893248558044434
196,[0.11510407 0.32341507 0.19507763 0.4536924 ],7.0,0.6505358,0.11893248558044434
197,[0.46097088 0.31732243 0.6816243  0.501246  ],7.0,0.93489915,0.12999653816223145
197,[0.0091592  0.30219877 0.156649   0.52019876],7.0,0.8480294,0.12999653816223145
197,[0.19023138 0.37297907 0.35703343 0.57093763],7.0,0.47330153,0.12999653816223145
197,[0.1155515  0.32178456 0.19783592 0.45635176],7.0,0.38519263,0.12999653816223145
197,[0.00641734 0.30771896 0.15057519 0.52835   ],9.0,0.44008338,0.12999653816223145
198,[0.0088902  0.3011826  0.15415229 0.51872766],7.0,0.82578856,0.12125897407531738
198,[0.19614384 0.31733608 0.36584982 0.54216266],7.0,0.48737508,0.12125897407531738
198,[0.11959565 0.31942993 0.1989845  0.4651807 ],7.0,0.40727833,0.12125897407531738
198,[0.10747781 0.6054079  0.6282201  1.1195097 ],8.0,0.30908528,0.12125897407531738
198,[0.00948549 0.30646962 0.14985019 0.5247162 ],9.0,0.48335135,0.12125897407531738
199,[0.00981712 0.29663455 0.16965649 0.51290375],7.0,0.9901811,0.13341808319091797
199,[0.4542649  0.30603614 0.67293966 0.4922984 ],7.0,0.6177751,0.13341808319091797
200,[0.01097477 0.29703316 0.18750551 0.5198016 ],7.0,0.9988617,0.11984872817993164
200,[0.12125814 0.3210398  0.19995949 0.4610073 ],7.0,0.33852366,0.11984872817993164
201,[0.01045946 0.29444033 0.18268096 0.5122432 ],7.0,0.998892,0.13135719299316406
201,[0.46955144 0.30887502 0.6800976  0.5002389 ],7.0,0.80657595,0.13135719299316406
201,[0.20130566 0.31772327 0.3693436  0.517196  ],7.0,0.4287358,0.13135719299316406
202,[0.00791356 0.29141107 0.19348    0.49806342],7.0,0.9997471,0.12903690338134766
202,[0.44488564 0.3071995  0.6780473  0.48927256],7.0,0.68739665,0.12903690338134766
202,[0.5362389  0.4536652  0.79129696 0.76448303],7.0,0.40267578,0.12903690338134766
203,[0.01400548 0.2930883  0.19144012 0.4972525 ],7.0,0.9992003,0.1290731430053711
203,[0.45000568 0.30877706 0.6749978  0.49773148],7.0,0.62123483,0.1290731430053711
203,[0.5409289  0.45330918 0.7832361  0.705444  ],7.0,0.5826379,0.1290731430053711
204,[0.01344179 0.2883273  0.19472246 0.49882975],7.0,0.99943537,0.12588167190551758
204,[0.4638055  0.30434155 0.6801985  0.49560124],7.0,0.88738006,0.12588167190551758
204,[0.5366016  0.45577228 0.78986853 0.7399454 ],7.0,0.7666631,0.12588167190551758
205,[0.0205306  0.28986967 0.19589615 0.49610323],7.0,0.99829024,0.12757468223571777
205,[0.46503264 0.303014   0.690126   0.49772605],7.0,0.9201848,0.12757468223571777
205,[0.53414136 0.4516906  0.77858263 0.73697513],7.0,0.80544364,0.12757468223571777
205,[0.19611871 0.31007034 0.3718841  0.5026127 ],7.0,0.3685219,0.12757468223571777
206,[0.5430803  0.4539137  0.7529116  0.68567324],6.0,0.41283855,0.1280534267425537
206,[0.01340225 0.28736475 0.18687442 0.49777862],7.0,0.9804185,0.1280534267425537
206,[0.19371334 0.3029114  0.37654552 0.5006953 ],7.0,0.92332906,0.1280534267425537
206,[0.54848945 0.45812082 0.7462983  0.6824589 ],7.0,0.7825739,0.1280534267425537
207,[0.00795116 0.28911984 0.15274584 0.49827057],7.0,0.9908009,0.12419629096984863
207,[0.18376833 0.31376782 0.3661511  0.46479258],7.0,0.7275229,0.12419629096984863
208,[0.186306   0.30727115 0.36985463 0.47766152],7.0,0.95343053,0.14383506774902344
208,[0.01085138 0.2937498  0.15002418 0.49828058],7.0,0.93046975,0.14383506774902344
208,[0.51611245 0.45031714 0.7230686  0.71018434],7.0,0.5289011,0.14383506774902344
209,[0.01055632 0.2957704  0.16121727 0.49512422],7.0,0.9751974,0.13242077827453613
209,[0.17684808 0.3126222  0.3422294  0.46390224],7.0,0.92098117,0.13242077827453613
209,[0.48706302 0.419914   0.7252186  0.7286129 ],7.0,0.86394966,0.13242077827453613
210,[0.00958733 0.29615885 0.1653167  0.49557656],7.0,0.98817784,0.13219952583312988
210,[0.1768463  0.30956593 0.35263005 0.47439   ],7.0,0.9878571,0.13219952583312988
210,[0.48901477 0.4215395  0.7234242  0.7278275 ],7.0,0.8449541,0.13219952583312988
211,[0.1720609  0.3092237  0.34726208 0.47117025],7.0,0.9813052,0.11548066139221191
211,[0.48827487 0.4353453  0.7155873  0.7018758 ],7.0,0.9761538,0.11548066139221191
211,[0.0073404  0.29788667 0.13738516 0.49376386],7.0,0.9229465,0.11548066139221191
212,[0.47949472 0.41752684 0.69830203 0.7124922 ],7.0,0.9881611,0.13270902633666992
212,[0.00572253 0.2992857  0.15006521 0.49474895],7.0,0.9608024,0.13270902633666992
212,[0.1594585 0.3063778 0.3440113 0.472047 ],7.0,0.9323666,0.13270902633666992
213,[0.4679498  0.30749238 0.6851687  0.59593475],6.0,0.7627535,0.12075471878051758
213,[0.15980312 0.3017501  0.3481187  0.4628385 ],7.0,0.9463825,0.12075471878051758
213,[0.00654751 0.29965997 0.1351175  0.4923631 ],7.0,0.8564838,0.12075471878051758
213,[0.48252767 0.3796692  0.6876491  0.6937822 ],7.0,0.739988,0.12075471878051758
214,[0.46767247 0.3011458  0.6883081  0.6081082 ],6.0,0.8029805,0.1306774616241455
214,[0.1628645  0.30381158 0.34627652 0.46518365],7.0,0.96096486,0.1306774616241455
214,[0.00823466 0.2979917  0.14744407 0.4954372 ],7.0,0.9132222,0.1306774616241455
214,[0.478109   0.34315264 0.68474984 0.67803407],7.0,0.4525002,0.1306774616241455
215,[0.47127905 0.30845386 0.6880055  0.68736225],6.0,0.845982,0.13801193237304688
215,[0.16639714 0.30365384 0.35124344 0.45771128],7.0,0.97866267,0.13801193237304688
215,[-0.00241555  0.30228543  0.13204956  0.4965232 ],7.0,0.87709373,0.13801193237304688
215,[0.4786122  0.34583634 0.68774295 0.70533854],7.0,0.54037225,0.13801193237304688
215,[0.14605138 0.3780999  0.44151857 0.8125814 ],7.0,0.3585201,0.13801193237304688
216,[0.16792685 0.30711356 0.35872662 0.46050087],7.0,0.8815769,0.11494159698486328
216,[0.00132827 0.30213502 0.13268065 0.5008368 ],7.0,0.7984892,0.11494159698486328
216,[0.4804448  0.38151327 0.68775845 0.68616104],7.0,0.79189044,0.11494159698486328
216,[0.15220904 0.34216967 0.3932227  0.66477656],7.0,0.45071808,0.11494159698486328
217,[0.00469325 0.30453056 0.13226512 0.5010654 ],7.0,0.902908,0.13056325912475586
217,[0.45320633 0.34042418 0.6839066  0.66744184],7.0,0.8579333,0.13056325912475586
217,[0.16855204 0.30950013 0.36200947 0.46608672],7.0,0.8375499,0.13056325912475586
218,[0.00814227 0.30129606 0.13136166 0.497742  ],7.0,0.84691465,0.13106083869934082
218,[0.4506747  0.35053015 0.679472   0.6532171 ],7.0,0.79274356,0.13106083869934082
219,[0.00792801 0.29560295 0.13692755 0.49634883],7.0,0.89741975,0.12670016288757324
219,[0.46815068 0.38129428 0.67788965 0.6818707 ],7.0,0.57509357,0.12670016288757324
219,[0.15802316 0.3952459  0.4345705  0.7611047 ],7.0,0.47297645,0.12670016288757324
220,[0.00820305 0.29773661 0.13681448 0.49571928],7.0,0.8374473,0.11934852600097656
220,[0.1556759  0.31228673 0.44514298 0.7049142 ],7.0,0.57266927,0.11934852600097656
220,[0.46312475 0.33873916 0.6791779  0.66960764],7.0,0.3266316,0.11934852600097656
221,[0.4715585  0.39182502 0.6777058  0.6749764 ],7.0,0.99069136,0.1309959888458252
221,[0.01048712 0.29781467 0.13796434 0.49587584],7.0,0.6000721,0.1309959888458252
221,[0.16417086 0.3059584  0.4432068  0.71343935],7.0,0.4361564,0.1309959888458252
222,[0.47876808 0.39017856 0.6740204  0.5955573 ],7.0,0.97929925,0.11567401885986328
222,[0.01170664 0.29340935 0.14642106 0.49700552],7.0,0.9435018,0.11567401885986328
222,[0.16288033 0.30529684 0.43865213 0.7200847 ],7.0,0.3589911,0.11567401885986328
223,[0.48713213 0.3858331  0.6714813  0.57846195],7.0,0.9399484,0.1298842430114746
223,[0.01780088 0.2866428  0.15673701 0.4992367 ],7.0,0.92496955,0.1298842430114746
223,[0.16578943 0.29722756 0.44436413 0.751128  ],7.0,0.8579863,0.1298842430114746
223,[0.19299532 0.29245308 0.39252174 0.44378415],7.0,0.35569927,0.1298842430114746
223,[0.01762494 0.28426728 0.15789884 0.506903  ],9.0,0.39950508,0.1298842430114746
224,[0.02365272 0.28787664 0.15631066 0.4893323 ],7.0,0.94050556,0.11044526100158691
224,[0.16593276 0.30688453 0.44054878 0.7215748 ],7.0,0.84664625,0.11044526100158691
224,[0.47779408 0.3471442  0.67458093 0.6054759 ],7.0,0.51629275,0.11044526100158691
224,[0.22643042 0.28232256 0.38126785 0.41295496],7.0,0.42782044,0.11044526100158691
225,[0.02233348 0.28694397 0.16247222 0.48913658],7.0,0.95596653,0.1131894588470459
225,[0.4804113 0.3788674 0.67407   0.6431205],7.0,0.93108094,0.1131894588470459
225,[0.17172243 0.3174348  0.43229824 0.66118956],7.0,0.7046563,0.1131894588470459
225,[0.20072769 0.2942049  0.39306355 0.44346917],7.0,0.68516606,0.1131894588470459
225,[0.11016503 0.6077101  0.69087493 1.1320637 ],8.0,0.44620934,0.1131894588470459
226,[0.48715234 0.37448427 0.6746912  0.6135892 ],7.0,0.9561492,0.12960529327392578
226,[0.03107736 0.2839891  0.16394565 0.5054358 ],7.0,0.81464666,0.12960529327392578
227,[0.4939174  0.36954385 0.6732829  0.57901514],7.0,0.98221844,0.12455892562866211
227,[0.16839568 0.30474398 0.4412858  0.7025156 ],7.0,0.9333512,0.12455892562866211
228,[0.49464953 0.35684228 0.6750498  0.61672556],7.0,0.751253,0.13353610038757324
228,[0.1815268  0.29530305 0.43658704 0.70496815],7.0,0.7494592,0.13353610038757324
228,[0.17902587 0.30874938 0.43839848 0.7103825 ],9.0,0.68444145,0.13353610038757324
229,[0.49787647 0.35209543 0.67589515 0.60774136],7.0,0.9128717,0.1294248104095459
229,[0.17317171 0.29471245 0.441328   0.7264886 ],7.0,0.7057801,0.1294248104095459
229,[0.04640205 0.2632957  0.165129   0.46333367],7.0,0.63604105,0.1294248104095459
229,[0.23980676 0.36099118 0.50754136 0.77261597],9.0,0.908991,0.1294248104095459
230,[0.49335572 0.35276997 0.6787     0.6174326 ],7.0,0.9259352,0.13468098640441895
230,[0.17815107 0.29603282 0.43732077 0.69777703],7.0,0.8857072,0.13468098640441895
230,[0.05584965 0.28364414 0.17539299 0.5106637 ],7.0,0.46395752,0.13468098640441895
230,[0.24635966 0.35897613 0.50666463 0.7729224 ],9.0,0.88718724,0.13468098640441895
231,[0.17461444 0.29275757 0.44383246 0.73398095],7.0,0.9613279,0.12150049209594727
231,[0.04989037 0.25698388 0.16498233 0.44760948],7.0,0.77294004,0.12150049209594727
231,[0.49249187 0.35060728 0.67154014 0.611567  ],7.0,0.6843254,0.12150049209594727
231,[0.23294178 0.36463428 0.5091764  0.83829844],9.0,0.9324764,0.12150049209594727
232,[0.1857155  0.28622556 0.44047552 0.7255857 ],7.0,0.98292154,0.12244582176208496
232,[0.50165755 0.334486   0.6770839  0.5701506 ],7.0,0.93880284,0.12244582176208496
232,[0.05710732 0.25579718 0.17785236 0.45468768],7.0,0.6170737,0.12244582176208496
232,[0.00288998 0.29494113 0.07292736 0.5340709 ],7.0,0.53144366,0.12244582176208496
232,[0.35723218 0.75113565 0.91351986 1.1063449 ],8.0,0.4192534,0.12244582176208496
232,[0.18198156 0.29468173 0.4402392  0.7144311 ],9.0,0.83970773,0.12244582176208496
233,[0.18765926 0.292637   0.43992025 0.7347405 ],7.0,0.9671933,0.13378167152404785
233,[0.50475127 0.33729082 0.6765073  0.56440353],7.0,0.9403584,0.13378167152404785
233,[0.06159257 0.25445795 0.18113124 0.4534784 ],7.0,0.7450113,0.13378167152404785
233,[0.00119337 0.29576    0.07893774 0.54052645],7.0,0.67663753,0.13378167152404785
233,[0.25035426 0.35718697 0.4973682  0.7877129 ],9.0,0.34486082,0.13378167152404785
234,[0.252846   0.34531748 0.4982624  0.77087843],6.0,0.7464576,0.11671876907348633
234,[0.49709207 0.33614093 0.676912   0.5997646 ],7.0,0.99139637,0.11671876907348633
234,[0.00114072 0.29174155 0.08246555 0.53158444],7.0,0.6362483,0.11671876907348633
234,[0.07528323 0.28355336 0.19569874 0.49324608],7.0,0.58850443,0.11671876907348633
234,[0.18789487 0.29380047 0.44357747 0.7383455 ],7.0,0.58774406,0.11671876907348633
235,[0.25211272 0.35086346 0.5010493  0.7835345 ],6.0,0.55252767,0.12934041023254395
235,[0.50477064 0.33355966 0.67490137 0.60212374],7.0,0.942265,0.12934041023254395
235,[0.18993488 0.29155636 0.44317457 0.7507925 ],7.0,0.89683425,0.12934041023254395
235,[0.07345897 0.27757812 0.1972045  0.49896157],7.0,0.7366365,0.12934041023254395
235,[0.00125292 0.29145378 0.07933301 0.52889615],7.0,0.7182797,0.12934041023254395
236,[0.2527946  0.34858638 0.49392882 0.7641899 ],6.0,0.64654475,0.11911940574645996
236,[0.5006726  0.3365863  0.6753788  0.60426015],7.0,0.98642194,0.11911940574645996
236,[0.1913065  0.2924695  0.44021323 0.72792137],7.0,0.8701002,0.11911940574645996
236,[0.07705899 0.27850106 0.20064615 0.49817243],7.0,0.74487215,0.11911940574645996
236,[5.1413476e-04 2.9326597e-01 8.4641501e-02 5.4075509e-01],7.0,0.6926993,0.11911940574645996
237,[0.26856905 0.35357553 0.50164837 0.72896093],6.0,0.85335666,0.1316053867340088
237,[0.19331136 0.28860825 0.44388053 0.65878284],6.0,0.839978,0.1316053867340088
237,[0.49804032 0.32348612 0.67331445 0.588755  ],7.0,0.95792556,0.1316053867340088
237,[0.0844838  0.2725447  0.20097226 0.49741176],7.0,0.41482052,0.1316053867340088
237,[-1.7955899e-06  2.7922919e-01  8.6058125e-02  5.1616108e-01],7.0,0.36004567,0.1316053867340088
238,[0.26763478 0.34422773 0.50428057 0.7133582 ],6.0,0.56015605,0.12345385551452637
238,[0.19744268 0.2832095  0.44498274 0.64337355],6.0,0.512155,0.12345385551452637
238,[0.50283647 0.31725466 0.67402065 0.5707868 ],7.0,0.9964347,0.12345385551452637
238,[0.2113338  0.2797733  0.44313115 0.6643644 ],7.0,0.7064958,0.12345385551452637
238,[0.0774385  0.25255698 0.19534177 0.45696735],9.0,0.44016686,0.12345385551452637
239,[0.20308486 0.28561258 0.44373742 0.6816293 ],6.0,0.6712147,0.1331768035888672
239,[0.5021298  0.3056831  0.67495775 0.56933594],7.0,0.99652594,0.1331768035888672
239,[0.09135309 0.2756704  0.20240545 0.4824915 ],7.0,0.71296674,0.1331768035888672
239,[0.00074139 0.28474995 0.0917099  0.5099946 ],7.0,0.56921893,0.1331768035888672
239,[0.21189561 0.28004694 0.44546273 0.66598785],7.0,0.45441583,0.1331768035888672
239,[0.20824128 0.30509874 0.4512052  0.6633471 ],9.0,0.7050788,0.1331768035888672
240,[0.19556174 0.28402108 0.44552752 0.6473502 ],6.0,0.73295444,0.12292313575744629
240,[0.26692024 0.3434193  0.50022304 0.7178887 ],6.0,0.33433267,0.12292313575744629
240,[0.50813454 0.29712063 0.6755206  0.57016563],7.0,0.84289473,0.12292313575744629
240,[0.08444011 0.25120285 0.1973454  0.45081165],7.0,0.7822664,0.12292313575744629
240,[0.20698713 0.28475738 0.434919   0.58728224],7.0,0.6291356,0.12292313575744629
240,[1.9175187e-04 2.8317490e-01 9.4926044e-02 5.1579338e-01],7.0,0.51328284,0.12292313575744629
240,[0.18894996 0.60258114 0.37562215 0.695909  ],7.0,0.32268852,0.12292313575744629
240,[0.3407512 0.6557549 0.9141679 1.128636 ],8.0,0.7497685,0.12292313575744629
241,[0.5041584  0.3129233  0.6756629  0.56656206],7.0,0.9956358,0.12801051139831543
241,[0.20155364 0.28244042 0.44579482 0.62655467],7.0,0.992494,0.12801051139831543
241,[0.0945736  0.2733961  0.20476349 0.48735598],7.0,0.68532723,0.12801051139831543
241,[0.3404249  0.6613307  0.88915014 1.1143523 ],9.0,0.9923943,0.12801051139831543
241,[0.20887148 0.29256433 0.44000334 0.65303016],9.0,0.6294106,0.12801051139831543
241,[0.14219272 0.6437603  0.6791883  1.1223904 ],9.0,0.6225064,0.12801051139831543
241,[0.00152827 0.28274113 0.10133433 0.49775797],9.0,0.3803899,0.12801051139831543
242,[0.50686175 0.31174332 0.6738625  0.5641186 ],7.0,0.9924275,0.11035537719726562
242,[0.10037503 0.27334324 0.20864001 0.4888499 ],7.0,0.73361355,0.11035537719726562
242,[0.20907989 0.29134083 0.45458755 0.63534725],7.0,0.7303037,0.11035537719726562
242,[0.2429666  0.2796508  0.5370624  0.42200273],7.0,0.30533427,0.11035537719726562
242,[0.18672323 0.6166488  0.6584819  1.1083927 ],8.0,0.59808624,0.11035537719726562
242,[0.32701975 0.60342443 0.91160554 1.124784  ],9.0,0.7219802,0.11035537719726562
243,[0.5088658  0.30926672 0.6725307  0.56286514],7.0,0.97801334,0.12987279891967773
243,[0.20680743 0.2856903  0.45624113 0.60770124],7.0,0.9604799,0.12987279891967773
243,[0.10188459 0.27660105 0.21162201 0.4909822 ],7.0,0.36150637,0.12987279891967773
243,[0.09728892 0.25162923 0.20443629 0.4446386 ],9.0,0.51324385,0.12987279891967773
243,[0.00333833 0.3025825  0.10289448 0.4926852 ],15.0,0.36178762,0.12987279891967773
244,[0.5071493  0.31016564 0.67189926 0.56377107],7.0,0.93681145,0.12517237663269043
244,[0.2151964 0.2816435 0.4584858 0.4898929],7.0,0.91146255,0.12517237663269043
244,[0.0982185  0.24614137 0.21006471 0.43828547],7.0,0.9014495,0.12517237663269043
244,[0.6326253  0.3006248  0.7426335  0.39955962],7.0,0.34449646,0.12517237663269043
244,[0.44367668 0.27858782 0.66346586 0.41622853],7.0,0.33111328,0.12517237663269043
244,[0.32319224 0.26372063 0.4505238  0.3954563 ],7.0,0.30903655,0.12517237663269043
245,[0.50708926 0.30424142 0.67302704 0.5616673 ],7.0,0.9599973,0.127028226852417
245,[0.21038884 0.28882992 0.4561481  0.6194346 ],7.0,0.9090042,0.127028226852417
245,[0.09921744 0.24749243 0.20828035 0.42804128],7.0,0.8381435,0.127028226852417
245,[0.43277514 0.2768162  0.65674126 0.4199291 ],7.0,0.32330438,0.127028226852417
246,[0.21576309 0.27849627 0.45826316 0.4876979 ],7.0,0.9602927,0.13233113288879395
246,[0.09888539 0.24839017 0.20892364 0.43715015],7.0,0.86546254,0.13233113288879395
246,[0.50876063 0.30410883 0.67470926 0.5551493 ],7.0,0.8012187,0.13233113288879395
246,[0.19842002 0.60635316 0.63943315 1.094281  ],8.0,0.87131345,0.13233113288879395
246,[0.31471547 0.58423096 0.92795384 1.1421599 ],8.0,0.57257366,0.13233113288879395
247,[0.10640247 0.27211267 0.23859565 0.48687726],7.0,0.7947363,0.13579130172729492
247,[0.0113868  0.29261136 0.15906972 0.4959851 ],7.0,0.43516934,0.13579130172729492
247,[0.21430564 0.28330284 0.53954756 0.6211914 ],7.0,0.31425977,0.13579130172729492
248,[0.23702571 0.27599496 0.45049885 0.49708945],7.0,0.8943377,0.1276707649230957
248,[0.00646924 0.29127508 0.14756402 0.49493766],7.0,0.8147499,0.1276707649230957
248,[0.10854202 0.25234503 0.23019621 0.44016618],7.0,0.7749256,0.1276707649230957
248,[0.5113226  0.29497173 0.67167187 0.48796174],7.0,0.4344556,0.1276707649230957
248,[0.43553385 0.25097966 0.5785234  0.40442675],7.0,0.36622187,0.1276707649230957
249,[0.5188624  0.305821   0.67170316 0.55330646],5.0,0.5812792,0.12322664260864258
249,[0.23799899 0.27947894 0.44878337 0.47875693],7.0,0.9314493,0.12322664260864258
249,[0.11578684 0.25267047 0.23438764 0.43138772],7.0,0.7567511,0.12322664260864258
249,[0.6316681  0.28561163 0.7449138  0.3990785 ],7.0,0.31799266,0.12322664260864258
249,[0.32539746 0.26874283 0.4461678  0.3962243 ],7.0,0.30865315,0.12322664260864258
250,[0.24209133 0.28028622 0.44227508 0.49485472],7.0,0.53298354,0.12424755096435547
250,[0.43336454 0.28138366 0.65288675 0.40404478],7.0,0.41085616,0.12424755096435547
251,[0.24101867 0.2797914  0.44578975 0.4875943 ],7.0,0.972151,0.12090945243835449
251,[0.11767949 0.25468844 0.23540767 0.434165  ],7.0,0.5392444,0.12090945243835449
251,[0.32612476 0.26877254 0.4493505  0.4044085 ],7.0,0.49676812,0.12090945243835449
251,[0.5094911  0.30340376 0.67392826 0.5482742 ],7.0,0.48863605,0.12090945243835449
251,[0.45258445 0.28181976 0.6601942  0.41026032],7.0,0.47286382,0.12090945243835449
252,[0.5196207 0.3025002 0.6687917 0.5542538],5.0,0.6753005,0.12957024574279785
252,[0.244537   0.28062373 0.4495588  0.507978  ],7.0,0.72578377,0.12957024574279785
252,[0.6340572  0.29999292 0.757217   0.40405822],7.0,0.42188323,0.12957024574279785
252,[0.5171602 0.2947561 0.6674038 0.5105956],7.0,0.37727287,0.12957024574279785
253,[0.5190759  0.30172017 0.6677661  0.5427383 ],7.0,0.82684976,0.12195014953613281
253,[0.24691132 0.28284323 0.45470646 0.47467113],7.0,0.69138885,0.12195014953613281
253,[0.12458199 0.25632274 0.24112776 0.4402451 ],7.0,0.67347884,0.12195014953613281
253,[0.04357918 0.28342986 0.24356453 0.4886403 ],7.0,0.49527925,0.12195014953613281
253,[0.43053028 0.28003263 0.6533723  0.41512626],7.0,0.47130015,0.12195014953613281
253,[0.63085276 0.3049588  0.756538   0.40053394],7.0,0.33622772,0.12195014953613281
254,[0.24893257 0.2801851  0.4563751  0.46788478],7.0,0.99105823,0.13245344161987305
254,[0.51457196 0.29319072 0.67129725 0.4949121 ],7.0,0.60403615,0.13245344161987305
254,[0.13021554 0.25381684 0.2474675  0.44941676],7.0,0.6011559,0.13245344161987305
254,[0.44960815 0.24454999 0.5882334  0.40126598],7.0,0.4753876,0.13245344161987305
254,[0.6364123  0.29782525 0.7619669  0.40508488],7.0,0.4165368,0.13245344161987305
254,[0.3242828  0.27104133 0.45294985 0.38769615],7.0,0.32841316,0.13245344161987305
254,[0.10324842 0.58778024 0.6533826  1.1376055 ],8.0,0.5261674,0.13245344161987305
255,[0.2537092  0.28249815 0.45810318 0.45911673],7.0,0.87890595,0.11835813522338867
255,[0.01789266 0.2929628  0.1486738  0.50399816],7.0,0.70427454,0.11835813522338867
255,[0.5137823  0.29228657 0.67064613 0.49495012],7.0,0.52949846,0.11835813522338867
255,[0.63337046 0.30573237 0.7554268  0.40368783],7.0,0.51419675,0.11835813522338867
255,[0.12883794 0.25237864 0.24650839 0.44438595],7.0,0.49299785,0.11835813522338867
255,[0.45002437 0.24665624 0.59774864 0.3978322 ],7.0,0.45558304,0.11835813522338867
255,[0.10467273 0.5773257  0.6674188  1.1460395 ],9.0,0.48667333,0.11835813522338867
255,[0.3175917  0.56989276 0.93161416 1.1515065 ],9.0,0.31907398,0.11835813522338867
256,[0.5111927  0.28937703 0.6727725  0.47699648],7.0,0.7362643,0.12905335426330566
256,[0.03011618 0.28369713 0.25074798 0.4876783 ],7.0,0.5783539,0.12905335426330566
256,[0.6427775  0.3005013  0.75974613 0.39728278],7.0,0.43693414,0.12905335426330566
256,[0.12935492 0.25425607 0.24748743 0.43963557],7.0,0.3508225,0.12905335426330566
256,[0.09089601 0.574867   0.65265626 1.1498169 ],9.0,0.4041891,0.12905335426330566
257,[0.06117113 0.27422708 0.2558874  0.48572063],7.0,0.62461257,0.11637139320373535
257,[0.01144026 0.2813566  0.15565452 0.49004278],7.0,0.58726305,0.11637139320373535
257,[0.51772606 0.29715875 0.67107296 0.49553886],7.0,0.42824373,0.11637139320373535
257,[0.32951576 0.5750919  0.9338855  1.1431515 ],8.0,0.43684337,0.11637139320373535
257,[0.1036199 0.5736855 0.6395043 1.1297952],9.0,0.71611375,0.11637139320373535
258,[0.5134263 0.2877403 0.6756104 0.5048118],7.0,0.95803934,0.13763785362243652
258,[0.14008488 0.25099802 0.25372666 0.42808908],7.0,0.6829968,0.13763785362243652
258,[0.01505681 0.2748599  0.16118968 0.487387  ],7.0,0.6518213,0.13763785362243652
258,[0.24257445 0.2837243  0.50272965 0.6811224 ],7.0,0.58808774,0.13763785362243652
258,[0.26407117 0.26874405 0.49232358 0.41736943],7.0,0.55232626,0.13763785362243652
258,[0.64920527 0.29326376 0.75800294 0.3951697 ],7.0,0.43652332,0.13763785362243652
259,[0.5225721  0.28863233 0.6733975  0.50744706],7.0,0.949277,0.12446141242980957
259,[0.64813995 0.28647745 0.77747345 0.39521974],7.0,0.3323404,0.12446141242980957
259,[0.14494877 0.27340844 0.26782858 0.47355476],7.0,0.32873458,0.12446141242980957
259,[0.00875483 0.2742861  0.1567518  0.49837977],7.0,0.3257608,0.12446141242980957
259,[0.8825656  0.24807756 0.9578681  0.45203316],15.0,0.54935735,0.12446141242980957
260,[0.5255612 0.2951775 0.6718441 0.5169586],5.0,0.33299252,0.12960410118103027
260,[0.5220014  0.28829387 0.6756127  0.50767195],7.0,0.96571434,0.12960410118103027
260,[0.6485157  0.28895473 0.76966    0.39571232],7.0,0.5538477,0.12960410118103027
260,[0.23733978 0.28152996 0.49950624 0.68400764],7.0,0.51262474,0.12960410118103027
260,[0.14332153 0.2592359  0.25855327 0.42704663],7.0,0.43306646,0.12960410118103027
261,[0.5259995  0.28653973 0.66994566 0.50772905],5.0,0.31317815,0.1184239387512207
261,[0.525227   0.28334814 0.6744111  0.51379323],7.0,0.88237673,0.1184239387512207
261,[0.2369105  0.28029957 0.4901346  0.6995164 ],7.0,0.72311044,0.1184239387512207
261,[0.14428516 0.2595848  0.26248935 0.4187353 ],7.0,0.5679093,0.1184239387512207
261,[0.6485645  0.2909608  0.7663737  0.39499962],7.0,0.52693385,0.1184239387512207
261,[0.05902124 0.2752579  0.16967866 0.45638692],7.0,0.31606165,0.1184239387512207
261,[0.8816175  0.24815604 0.9537565  0.45808586],15.0,0.41491324,0.1184239387512207
262,[0.5306281  0.27680457 0.67264867 0.50592804],5.0,0.30106354,0.12810063362121582
262,[0.52218455 0.26523912 0.67636245 0.50175655],7.0,0.98261076,0.12810063362121582
262,[0.14967805 0.26128048 0.26374674 0.41859126],7.0,0.7738579,0.12810063362121582
262,[0.01743281 0.27993315 0.2777045  0.48411584],7.0,0.6043836,0.12810063362121582
262,[0.10807681 0.5856945  0.6307214  1.1097639 ],8.0,0.42254865,0.12810063362121582
262,[0.23979966 0.28654474 0.49049902 0.6760492 ],9.0,0.88615936,0.12810063362121582
262,[0.868802   0.24062717 0.93249804 0.44528896],15.0,0.3819592,0.12810063362121582
263,[0.5205486 0.2683811 0.6768254 0.4862167],7.0,0.9176905,0.1275639533996582
263,[0.15218139 0.2574358  0.26034862 0.4254778 ],7.0,0.35399643,0.1275639533996582
263,[0.23914026 0.2810967  0.49791312 0.6641719 ],9.0,0.922793,0.1275639533996582
263,[0.86986494 0.23970616 0.9294894  0.44737852],15.0,0.5899539,0.1275639533996582
264,[0.52526224 0.26583457 0.67942464 0.50120723],7.0,0.98023784,0.11624503135681152
264,[0.00844468 0.28359568 0.16037619 0.5353254 ],7.0,0.30178145,0.11624503135681152
264,[0.24024716 0.27918065 0.49118772 0.67908466],9.0,0.9270683,0.11624503135681152
264,[0.8612463  0.23902795 0.9254852  0.43448654],15.0,0.30855542,0.11624503135681152
265,[0.5238386  0.26536992 0.67996246 0.49925634],7.0,0.98173046,0.11928367614746094
265,[0.05907726 0.27736524 0.27243012 0.47001234],7.0,0.515926,0.11928367614746094
265,[0.00890268 0.28793272 0.14721817 0.53273845],7.0,0.511782,0.11928367614746094
265,[0.1594504  0.248193   0.2705197  0.41829792],7.0,0.3205512,0.11928367614746094
265,[0.24965538 0.28169367 0.51097953 0.69492817],9.0,0.7199038,0.11928367614746094
266,[0.52857023 0.27077186 0.67971164 0.49416482],7.0,0.97398484,0.1141355037689209
266,[0.1600201  0.25113904 0.2712656  0.4178511 ],7.0,0.5616836,0.1141355037689209
266,[0.06715069 0.27808416 0.2713366  0.46693897],7.0,0.4846255,0.1141355037689209
266,[0.23723733 0.27913424 0.505999   0.6894423 ],9.0,0.7755967,0.1141355037689209
267,[0.5242108  0.25903007 0.68139696 0.4866272 ],7.0,0.9918047,0.12976336479187012
267,[0.16572444 0.24520446 0.28072134 0.43371367],7.0,0.36571926,0.12976336479187012
267,[0.22232011 0.27906895 0.5137104  0.68871784],9.0,0.71411455,0.12976336479187012
267,[0.85876787 0.2292741  0.9233016  0.43802422],15.0,0.6150302,0.12976336479187012
268,[0.52227485 0.2580655  0.68654275 0.4868351 ],7.0,0.98287314,0.13077044486999512
268,[0.00651334 0.2754703  0.1923206  0.4789869 ],7.0,0.53292847,0.13077044486999512
268,[0.21506582 0.2723889  0.52065265 0.72427154],9.0,0.42631584,0.13077044486999512
268,[0.8531979  0.20475361 0.91906744 0.42502686],15.0,0.41653672,0.13077044486999512
269,[0.52255625 0.25187942 0.6857628  0.4852207 ],7.0,0.99442965,0.1283857822418213
269,[0.6581772  0.27103087 0.78416437 0.37631515],7.0,0.67105025,0.1283857822418213
269,[0.84770215 0.06149364 0.94786274 0.43946552],15.0,0.3977502,0.1283857822418213
270,[0.52041614 0.25520927 0.6844201  0.48383832],7.0,0.99734384,0.12567973136901855
270,[0.00963873 0.28274524 0.17552961 0.5362324 ],7.0,0.61655015,0.12567973136901855
270,[0.22056232 0.27538204 0.5128285  0.710629  ],9.0,0.5094883,0.12567973136901855
271,[0.52415407 0.25689438 0.6818116  0.48320863],7.0,0.9789804,0.12980937957763672
271,[0.663497   0.27594018 0.7788032  0.37762272],7.0,0.84338987,0.12980937957763672
271,[0.01022781 0.28049305 0.17992696 0.5251676 ],7.0,0.5387773,0.12980937957763672
271,[0.1790567  0.2516633  0.28272787 0.40412727],9.0,0.47370884,0.12980937957763672
271,[0.2335084  0.26985297 0.51664436 0.71815526],9.0,0.44858983,0.12980937957763672
272,[0.52461076 0.25407502 0.68299997 0.45910326],7.0,0.9114632,0.12321901321411133
272,[0.6671763  0.27111393 0.78716975 0.37802953],7.0,0.58674645,0.12321901321411133
272,[0.23894031 0.26886106 0.52373284 0.6993188 ],9.0,0.9074844,0.12321901321411133
273,[0.5356623  0.25043976 0.6824502  0.46240503],7.0,0.9861835,0.12672829627990723
273,[0.6684772  0.27501267 0.78150463 0.37422985],7.0,0.8425915,0.12672829627990723
273,[0.219848   0.25959557 0.52465737 0.70174575],9.0,0.38161907,0.12672829627990723
274,[0.5402841  0.2523079  0.68148166 0.46375233],7.0,0.9828326,0.11768865585327148
274,[0.66367936 0.27024844 0.7833601  0.37284407],7.0,0.7417186,0.11768865585327148
274,[0.00684775 0.26677042 0.23707643 0.47193885],7.0,0.5669212,0.11768865585327148
274,[0.15717292 0.344623   0.6436306  0.9215127 ],9.0,0.53652155,0.11768865585327148
274,[0.85526156 0.20545778 0.9121572  0.41967997],15.0,0.3069736,0.11768865585327148
275,[0.5348382  0.25320345 0.6809881  0.45790005],7.0,0.9885272,0.1313159465789795
275,[0.66893333 0.26922616 0.7860804  0.37166205],7.0,0.84243083,0.1313159465789795
275,[0.00707857 0.26507646 0.24304333 0.46448773],7.0,0.6022256,0.1313159465789795
275,[0.83237416 0.20904072 0.9073213  0.41919369],15.0,0.424907,0.1313159465789795
276,[0.5382544  0.25241762 0.68171906 0.46145904],7.0,0.98116416,0.13637351989746094
276,[0.66903365 0.27262348 0.78245103 0.37252188],7.0,0.55749345,0.13637351989746094
276,[0.19733527 0.25082433 0.29497632 0.43027025],7.0,0.38284394,0.13637351989746094
276,[0.21725535 0.25543845 0.5200377  0.687124  ],9.0,0.50053215,0.13637351989746094
276,[0.8367343  0.20010337 0.9048712  0.42076018],15.0,0.43699318,0.13637351989746094
277,[0.5458569  0.25246298 0.68448013 0.4528072 ],7.0,0.9763999,0.12871384620666504
277,[0.19781004 0.24792129 0.30233413 0.4337911 ],7.0,0.5227717,0.12871384620666504
277,[0.22138445 0.25597203 0.5311481  0.6764913 ],7.0,0.50555503,0.12871384620666504
277,[0.83838516 0.21534872 0.90091926 0.41290426],15.0,0.5549271,0.12871384620666504
278,[0.54754215 0.25501817 0.6882687  0.45434064],7.0,0.99353504,0.12736248970031738
278,[0.22665791 0.25475782 0.5354554  0.68217725],7.0,0.7376346,0.12736248970031738
278,[0.19605342 0.24435475 0.30500945 0.43600628],7.0,0.53374976,0.12736248970031738
278,[0.83037496 0.20513126 0.9041836  0.41992852],15.0,0.56158483,0.12736248970031738
279,[0.5501067  0.25352383 0.68711823 0.45094562],7.0,0.98725826,0.13136768341064453
279,[0.20009582 0.24386135 0.303679   0.43243274],7.0,0.7374126,0.13136768341064453
279,[0.6854839 0.2796309 0.7834311 0.3666622],7.0,0.30614078,0.13136768341064453
280,[0.12563726 0.24649501 0.21975902 0.4350493 ],5.0,0.37646836,0.1320040225982666
280,[0.55021966 0.25482142 0.68683374 0.4494956 ],7.0,0.9818818,0.1320040225982666
280,[0.20208198 0.24061438 0.30083847 0.44102857],7.0,0.38253212,0.1320040225982666
280,[0.24023442 0.2458725  0.52725357 0.6892054 ],9.0,0.448486,0.1320040225982666
280,[0.82412624 0.206788   0.9025527  0.41591692],15.0,0.3859817,0.1320040225982666
281,[0.5491147  0.25511983 0.68429816 0.44482133],7.0,0.937923,0.12344574928283691
281,[0.6849101  0.27930647 0.8003958  0.37051153],7.0,0.45688924,0.12344574928283691
281,[0.22088185 0.2543043  0.5284172  0.664692  ],7.0,0.3877018,0.12344574928283691
281,[0.82563823 0.20594454 0.8999124  0.41441274],15.0,0.4870977,0.12344574928283691
282,[0.548234   0.24832688 0.683715   0.44396114],7.0,0.96846616,0.13056302070617676
282,[0.68697506 0.28017777 0.7930493  0.36866868],7.0,0.34302405,0.13056302070617676
282,[0.1026257  0.5693427  0.64791775 1.1060336 ],8.0,0.6738065,0.13056302070617676
282,[0.5865773 0.6187575 1.1059169 1.1169609],9.0,0.5311742,0.13056302070617676
282,[0.82565975 0.2160236  0.89487636 0.41352233],15.0,0.4744629,0.13056302070617676
283,[0.54789937 0.24649526 0.68640757 0.43906134],7.0,0.9632846,0.13444137573242188
283,[0.23936087 0.25100183 0.51802284 0.6627313 ],7.0,0.4166373,0.13444137573242188
283,[0.10470298 0.5740329  0.6628585  1.1141657 ],8.0,0.3094837,0.13444137573242188
284,[0.55063295 0.25018537 0.6868166  0.4379574 ],7.0,0.93032104,0.13541173934936523
284,[0.68788964 0.28301743 0.795649   0.37108818],7.0,0.54373384,0.13541173934936523
284,[0.08518213 0.57345235 0.6715324  1.1195354 ],8.0,0.7340752,0.13541173934936523
284,[0.23657027 0.25085348 0.5212065  0.6440314 ],9.0,0.3620905,0.13541173934936523
285,[0.5498852  0.25277638 0.6844515  0.44040883],7.0,0.9426182,0.13086438179016113
285,[0.23968302 0.24941976 0.510727   0.62446934],7.0,0.8032305,0.13086438179016113
285,[0.6885868  0.2788592  0.7962052  0.36887854],7.0,0.5272179,0.13086438179016113
285,[0.0906952 0.5788229 0.6680168 1.112155 ],8.0,0.89723796,0.13086438179016113
286,[0.549807   0.25102162 0.68684596 0.43724853],7.0,0.9717657,0.13127923011779785
286,[0.28189617 0.24866015 0.50090927 0.45278698],7.0,0.52573085,0.13127923011779785
287,[0.29836574 0.23891121 0.5108676  0.44837916],7.0,0.92502075,0.1257178783416748
287,[0.5457282  0.24606003 0.68270195 0.44094563],7.0,0.8659389,0.1257178783416748
287,[0.23724876 0.36101145 0.47417945 0.682154  ],7.0,0.56159043,0.1257178783416748
287,[0.69687766 0.27676654 0.79442877 0.37014443],7.0,0.46222866,0.1257178783416748
287,[0.0117969  0.24266598 0.23908168 0.5014659 ],7.0,0.44382644,0.1257178783416748
287,[0.8249067  0.22227865 0.8847071  0.4025759 ],15.0,0.43611062,0.1257178783416748
288,[0.00674378 0.25110316 0.21177757 0.4812504 ],7.0,0.87663966,0.12474441528320312
288,[0.2595279  0.23488854 0.5089969  0.5200008 ],7.0,0.87113595,0.12474441528320312
288,[0.54567    0.244878   0.6809477  0.43509758],7.0,0.7628401,0.12474441528320312
288,[0.69249403 0.28296056 0.799927   0.3714055 ],7.0,0.34401375,0.12474441528320312
288,[0.8209843  0.22533555 0.8825181  0.40348828],15.0,0.33977008,0.12474441528320312
289,[0.5535945  0.24846387 0.6845171  0.43262142],7.0,0.9554255,0.13095927238464355
289,[0.2701863  0.23550291 0.51401883 0.491646  ],7.0,0.89877486,0.13095927238464355
289,[0.00894734 0.25028127 0.22330531 0.48712897],7.0,0.8664572,0.13095927238464355
289,[0.23103566 0.27149612 0.4813969  0.6662688 ],7.0,0.6430755,0.13095927238464355
289,[0.00798939 0.26107785 0.28573143 0.69470525],7.0,0.32279843,0.13095927238464355
290,[0.5539511  0.24345005 0.6850018  0.42920083],7.0,0.90721256,0.11420345306396484
290,[0.00624806 0.24513935 0.22327545 0.52194315],7.0,0.7953903,0.11420345306396484
290,[0.22660832 0.24542254 0.48503453 0.6974944 ],7.0,0.7387899,0.11420345306396484
290,[0.6985587  0.27775082 0.80131555 0.37291983],7.0,0.43988305,0.11420345306396484
290,[0.2812899  0.23903862 0.50121284 0.47304687],7.0,0.38212535,0.11420345306396484
290,[0.4707258  0.23138544 0.5131463  0.373023  ],15.0,0.33622295,0.11420345306396484
291,[0.5537174  0.23755455 0.68797076 0.42858267],7.0,0.8990194,0.12548184394836426
291,[0.00732885 0.23951139 0.23881401 0.5340055 ],7.0,0.7836836,0.12548184394836426
291,[0.2231956  0.2444248  0.48274887 0.708019  ],7.0,0.63606673,0.12548184394836426
291,[0.6971844  0.27096918 0.79969054 0.37239876],7.0,0.5296511,0.12548184394836426
291,[0.78206444 0.22015803 0.87567306 0.39481682],15.0,0.5161971,0.12548184394836426
292,[0.555114   0.24400797 0.687205   0.42806312],7.0,0.94966507,0.1281754970550537
292,[0.01056111 0.23749307 0.23097512 0.5293336 ],7.0,0.9295842,0.1281754970550537
292,[0.69940406 0.25613    0.797198   0.360355  ],7.0,0.798041,0.1281754970550537
292,[0.22431411 0.25748295 0.4867503  0.6896826 ],7.0,0.32253936,0.1281754970550537
292,[0.2551655  0.22895473 0.5097964  0.49252677],7.0,0.30092448,0.1281754970550537
292,[0.45818877 0.2589857  0.50623536 0.39981037],15.0,0.33267996,0.1281754970550537
293,[0.5549933  0.23900431 0.68560994 0.42847347],7.0,0.9459162,0.1400892734527588
293,[0.00825031 0.23707941 0.2316316  0.5314053 ],7.0,0.8156004,0.1400892734527588
293,[0.2524846  0.22719747 0.49783114 0.49857622],7.0,0.65977794,0.1400892734527588
293,[0.69584996 0.26150978 0.8014726  0.36564708],7.0,0.6255747,0.1400892734527588
294,[0.55587023 0.23305929 0.6888601  0.42474604],7.0,0.9425935,0.12675952911376953
294,[0.2579669  0.22331561 0.50475514 0.49213266],7.0,0.92779845,0.12675952911376953
294,[0.01092227 0.23461403 0.23110248 0.51261175],7.0,0.7712024,0.12675952911376953
294,[0.2342425  0.26722038 0.47176778 0.6756921 ],7.0,0.6647872,0.12675952911376953
294,[0.46112987 0.25494534 0.5121352  0.39993   ],7.0,0.47463486,0.12675952911376953
294,[0.00835547 0.24914871 0.2799752  0.707688  ],9.0,0.44632986,0.12675952911376953
295,[0.00789597 0.23612793 0.23237514 0.52639586],7.0,0.95914716,0.11960697174072266
295,[0.55351496 0.23068446 0.6857016  0.42565316],7.0,0.90764296,0.11960697174072266
295,[0.25395918 0.2257906  0.50635934 0.4960009 ],7.0,0.77725166,0.11960697174072266
295,[0.23734277 0.30869293 0.47141945 0.66446096],7.0,0.3688129,0.11960697174072266
295,[0.09949416 0.61919874 0.6581264  1.1072401 ],8.0,0.40799254,0.11960697174072266
295,[0.7758941  0.2228822  0.85641617 0.39680153],15.0,0.3948283,0.11960697174072266
